miRanda;target scan;ARL6IP6
GMEB2;ASB14;SLC41A2
ZNF529;TMEM70;MACROD2
GRM5;LAYN;GPCPD1
CHN1;NCALD;LIMCH1
VSIG2;KSR1;C3orf56
SPOCK3;EPN2;ZNF175
ITGB1;EED;EED
FRMD7;KLHL20;LOC283663
SPSB4;PIP4K2A;CTTNBP2NL
RBM46;DESI2;GIGYF1
SFRS2IP;LIN28A;TMEM26
DMD;SPAST;CD274
TBC1D23;ZNRF1;STYX
TNXB;NEDD4;HNRNPA3
SCML1;STIM2;PPFIBP2
TOMM40;TNRC6A;AFF3
LCP1;COL25A1;LOC100129940
FN3K;LIN28B;KCTD5
STYX;MTDH;HNRNPA3P1
CCNC;GAN;GNAI2
TSEN2;PLAGL2;RPA1
PTPN20B;NFIB;QRFPR
LRRC17;GMNC;RHOB
SLC35C2;MIER3;CRMP1
ZMYND8;PPARGC1B;NEDD4
DIRAS1;STOX2;HECTD2
JPH4;PEX5L;OR1J2
EBPL;CELSR3;LIMS1
HNRNPK;TAOK1;SLC30A8
EXOC6;KCNJ6;DNM3
UBE2CBP;CHD7;ASB3
DSN1;PDE7A;ZCCHC14
RNF32;DCUN1D3;SERPINE1
NDUFS5;BNC2;LOC100302652
OR12D3;TLL2;SNX2
C20orf72;PAWR;C15orf29
EIF4G2;JOSD1;LOC158381
ANKHD1;DGKH;ZEB2
YWHAZ;KLHL28;ORC2L
ETNK1;BRWD3;C20orf112
TRIM10;SH3PXD2A;TRIM32
MEOX2;ITPK1;TLL2
KIAA0528;RGS17;TMEM170B
MBD2;BRWD1;GRHL2
C10orf79;POLR3E;ZNF197
TBC1D8B;CYYR1;TIFA
LRRC38;COQ3;PTPDC1
TCF7L2;RP11-497E19.2;RBM5
ENTPD1;MICAL1;LDHA
ME1;GPR150;URM1
PTPN2;HIRIP3;FAM40A
SPG20;EVA1C;SNAI1
TFAP2A;RAVER2;NOX1
SPSB1;SPIN1;TXNDC12
SLITRK6;CTHRC1;HLA-L
PFKFB4;RPP14;ZCCHC24
LARP4;POLR1D;DCUN1D3
NTNG1;PRRX1;CDC14A
HLX;C9orf170;DHX36
RNFT1;LETMD1;GCLC
NTM;PRDM5;VAMP3
BAZ2B;C3orf58;IER2
DIXDC1;SUV39H2;SUDS3
STIM2;SLC18A2;INPP4A
VPS33A;HCAR2;PUM1
C1orf131;LIMCH1;WDR82
KIAA1949;ATXN3;PLDN
NUCB2;GATA5;MED29
ATG4A;RECK;ABCE1
VIT;ZBTB44;STK17B
C3orf67;DRD1;PAPD5
ALS2CR8;PITPNB;HECW2
MBNL3;IL2RA;SEMA3A
FAM83F;INPP4A;NUDT7
NEUROD4;ZNF197;GADL1
PPIP5K2;RAD9B;C2orf86
TCP11L1;ELK3;RPL37
RPUSD4;ROR2;MAGI3
TM4SF20;P2RY2;CLCC1
CDCA7;TICAM2;CHMP2B
PTCH1;CCSER1;SLC26A11
C20orf24;UBXN7;CNOT7
ETS2;OXTR;TMEM229A
TTC18;NFATC2;FLVCR2
SPAG9;CSGALNACT1;REEP3
SIK3;STK38L;CD99
PPP3R1;ZFP90;FAM81B
AFF1;BMPR2;UBE2G1
GUF1;MYSM1;GALNT6
ESM1;RGS6;ENPP5
FAS;ZNF831;MKRN3
DDX60;GRIN3A;PDE6D
FGF11;RALGPS2;DPYSL2
SH3PXD2A;CD302;ATP2B2
HERC4;ZNF382;LHX8
RNF111;TRMT5;RPAP2
CSMD3;LY75-CD302;KRT82
SPARCL1;WDR26;PER3
SLC6A9;HNRNPA2B1;GIGYF2
SCN2A;TOX;RFX2
SHISA5;NT5DC1;UGT2A3
INPP4A;KIAA0930;Mar-08
C12orf48;DIP2C;STS
NPAS3;PAK4;AFF4
SWAP70;RHOH;CTRL
C19orf10;VCAN;ANKRD13D
MITF;RPA1;BCL9
EPHA5;PKHD1;SPG11
DCUN1D4;B3GNT5;ZNF100
SLC24A4;E2F7;KCTD3
ABCC4;PRDM1;KRAS
C10orf90;RFX6;C9orf85
MID1;PPARGC1A;DGKH
RBMY1F;GALNT7;SEC22A
UBAP1;CHD1;C20orf108
DGKZ;TBC1D15;KLF5
EDN1;MBNL3;ZNF252
GPCPD1;SH2B3;RAB7A
FRMPD4;ST8SIA4;FLJ26850
PPHLN1;CCNT2;CRYGN
ZNF682;DCUN1D1;LRCH2
LPP;UBN2;FAM72D
EDA;YPEL2;SLC44A1
CLUL1;WDR82;HERPUD1
GPR155;PPP1R18;FAM72B
CECR1;STK35;PTGFRN
LOC221442;KLF10;SETD7
STAU1;SPEN;ATF1
PIK3C2B;PCDH17;C13orf37
NFIB;YOD1;PDGFA
MPI;FAM160B1;ARRDC4
STX6;TNRC6C;GALNT3
KIAA0494;ITGA8;LOC285033
EPHA4;AGO1;MAP1LC3B
PALM2;KCTD16;ROBO2
OGT;CECR2;UNC5D
IRF6;CTH;DDX46
FRG2C;FBXL20;GALNT7
GRB10;MLXIP;RG9MTD1
NCRNA00171;LHX8;C10orf96
FAM111A;NR6A1;FAM72A
TRIP12;PTP4A1;SLC25A14
NCOA1;FAM43A;SMYD2
TMEM143;EVX2;GNAO1
DDX3X;FOXB1;TMEM165
ASB7;LHX9;GLI2
LCT;EML1;KCNIP4
RAD23A;FZD3;PTK7
TNIP1;PTGFRN;SCN8A
KPNA6;ADRA2A;C1QTNF7
LDB3;RUNX1;RCOR3
CSNK1G2;WDR7;GALNT1
RAB2B;MKRN3;TSPAN33
GRIA2;CYP24A1;TUBGCP5
TFAM;RARG;LAMA1
CAST;C9orf72;GM2A
ARL13B;GSKIP;TBC1D2B
ARF3;LHX1;TNFSF8
PAFAH1B2;SNX18;EMP2
ABL1;NFAT5;PML
HNRNPA3;ACTR1A;DSTYK
HNRNPA2B1;RNF165;TMTC4
PSME4;USP37;DOCK9
SLC25A33;KATNBL1;FLJ44635
KALRN;ALG9;JAG2
NCRNA00103;MEX3B;ZCCHC2
KRT82;IRX4;PDS5A
ARHGAP32;RAD23B;LOC283508
D4S234E;GPR63;FAM66D
FABP7;GABRB1;TRIB3
FBXO28;RORA;FAM85A
CCNG1;NFATC3;ACOT13
TRIM35;CPEB4;RFFL
TUSC3;PCDH10;STAT1
Sep-03;GLI2;RNGTT
MSI2;SAMD8;GNRHR
RAI14;TNRC6B;KIAA0494
ZC3H12C;TBC1D2B;ZNF248
GRID2IP;LIFR;GCET2
CDYL;NSUN3;MFHAS1
PGBD2;SRSF7;FAM26E
BDNF;PI4K2B;ADAM9
TACC1;FBXO45;DMD
CALD1;ACTC1;CAT
DLD;UBE2I;RBM12
KPNA1;FLJ20373;FAM49A
LOC283392;CAMK2N1;C13orf18
LOC284551;SOCS1;CSGALNACT1
ZNF277;TTLL7;STK35
ADRB2;FOXD1;ZNF488
CREBBP;SCN9A;FAM189A2
ARHGAP6;SLC7A10;CSN1S1
NBPF10;EDNRA;ING3
LRP1B;IDH1;RCBTB1
TRO;FAM49A;GLCE
PDZK1;RASA1;RNF135
UBE2K;VAT1L;ATP9B
FNDC3B;REV1;DMXL2
WDR41;AP4E1;OTUD7B
SYBU;COL13A1;UGT1A6
TRIM27;ANO4;PVT1
DNAH5;PPP3CA;PMPCB
MET;NRXN3;UGT1A1
FCRL1;SOCS3;PABPC1P2
CAPS2;SNAI1;CARD14
PTPDC1;LRRC8D;SNORA60
SATB1;SEMA3A;GRAMD2
NAP1L1;MAP3K2;LEP
ADIPOR2;NUDT5;ATP6V1H
TGFBR2;CDC37L1;BRWD1
MEIS2;UBE2QL1;RASA1
ZNF594;ERG;HIST2H2BF
CCBL1;JDP2;WDR43
PITPNB;SCN2A;PCDH10
PDSS2;PPID;UBE4A
DNM1L;UBE2J1;UGT1A10
PER3;SBF1;OAS2
IP6K3;GNAI2;PRKACB
PCDH20;CHST1;LRP12
RNF38;SOX4;LOC286184
PCGF6;YTHDC1;MAP7D3
E2F5;PBRM1;HNRNPA2B1
SCAMP1;LONRF1;FAM153B
ERI2;RAPGEF4;ODZ1
SPIN1;SP4;HERC2
DOCK4;NUS1;C4orf19
CHIC1;TMCC1;HBS1L
ERBB2IP;IP6K3;FAM156A
PSME3;PPTC7;SNX16
FAM196A;RAB15;MAGEE1
Sep-02;SHOC2;SGK269
LOC158381;ELMOD2;ANKS4B
ZCCHC11;CELF3;DPY19L3
COPS7B;UBAC1;REV3L
NID1;RNF220;ZNF200
GRM7;SCN1A;REV1
RECK;NAALADL2;EXD2
ALCAM;PPP1R9A;RGS2
AKAP11;Sep-07;TEC
WBP5;ANKRD17;ALG9
SCN3A;FAM110B;PHTF2
ZMYM5;ESCO1;KIAA1147
PUM1;ADAM19;FAM156B
NFE2L2;DLL4;C21orf99
DAZ2;ZBTB41;SEC24A
UBN1;CSNK1A1;RPTN
LOC100289314;PIP4K2B;METTL13
STARD3;KDM3A;TNRC6C
CHL1;JAKMIP2;C3orf19
SON;GPR125;ANKRD22
C12orf76;RASAL2;PNPLA1
HSPA2;AMOTL2;RANBP10
IP6K2;GOLGA1;TLX1
NAIP;CUL2;ANKRA2
EPB41L3;MAN1A2;ZNF491
TDRD7;CCNK;SFRS14
CALCOCO1;SOCS6;USP53
HORMAD1;P4HA2;CHST1
FBXW11;PDE4D;LRP6
BTBD10;EPG5;WDR19
ADRB1;MTTP;LOC100133207
DOCK7;PAX3;EXOC6
SH3KBP1;SLC38A7;DIXDC1
FOXRED1;GXYLT1;PPIP5K2
EPB41L4B;LARGE;TTC8
PLCXD2;ADRA1D;CDC7
TTC8;CHL1;ARID4B
TPMT;SLC30A4;ARHGEF9
IL12RB2;SCYL3;UBXN4
RGPD8;ZBTB7A;DZIP1L
GRIN3A;DNMT3A;DAGLA
GSTM4;BAZ2B;PHLDB2
PROS1;NCAM1;FLVCR1
CCDC111;LPGAT1;CYB561
JAKMIP2;UNC5C;ZSWIM5
HNRPLL;VKORC1L1;USP48
RELN;RAB27B;RNF220
SETD5;ATP2B2;TRA2B
DYT3;RAI14;TNRC6A
KIAA0430;DDX19B;PLAG1
PRIM2;MMP16;COMT
PLEKHG4;SOX12;SCEL
C1orf55;HELZ;HHIPL1
PVRL4;PALM2;DOCK5
ARL4A;MCF2L;NARG2
PCMTD1;SLC12A6;GXYLT1
FBLN2;XPR1;CSDA
CCDC120;BEAN1;FAM24A
CCNJL;APBA1;NR1D2
EPHA7;ATP6V1C1;ZNF275
KHNYN;JAG2;R3HDM1
OSBPL3;ARHGEF6;TWF1
PML;BAHD1;ING5
HACE1;KIAA1549;TNFRSF10D
INPP4B;ABAT;ABCC5
LOC339290;KCTD7;FAM71D
DCTN4;ITGB3;ZIC1
PRKAR1A;FAM13A;MACC1
ESRRG;SALL4;BTF3L1
CCDC135;AFF4;PRCD
C9orf68;CCDC97;GJA1
AIDA;UBE2V2;FAM168B
UBXN2A;CMTM4;LOC286059
PANK1;RCOR1;PRPF18
BNIP3L;PTPN4;SPCS3
FAM135A;PLXNA2;DLGAP2
RMI1;TMOD2;EEF1DP3
ACOT13;MFSD6;FLJ34503
ZNF585A;OSBPL8;BAI3
DLG1;TENM1;C8orf80
CRLS1;FAM83F;CFL2
MICB;HCFC2;NUFIP2
INSIG2;KIAA0355;PHIP
ASB15;HIC2;LOC286434
KLF11;SETD7;SLC10A7
ACPL2;GPR124;CIT
PEX13;C20orf112;NECAB1
RBM5;CHRM3;INTS2
Sep-08;TIMP3;CPEB4
MTSS1;CBX8;FAM81A
CD2AP;RPS6KA2;KCNJ12
CFL2;HOXD11;TRAPPC10
DOK5;MYO5A;LIFR
EYA2;USP47;CPSF6
SIGLEC8;TCF21;C12orf72
IQCK;TRPM7;ANKRD13A
KCTD3;IDE;FAM91A1
PPP1R14C;TNIK;SYNCRIP
LPAR1;GPR26;SLC9A8
POSTN;FOSL2;IL1RAP
TMEM117;DLG5;SALL4
CNTN4;CAPZA1;NRG3
ABCD3;TAF4B;RPRD1A
BAHD1;ZBTB39;SERINC3
STOX2;CAMK2D;USP37
PHF20L1;RUNX2;RRM2
PRRG1;PGP;EEPD1
PPP1R12A;SNX8;SLC35C1
ZNF326;CHST2;NCOR2
KDM6A;GFPT2;HCFC2
HNRNPD;PLEKHO2;KLF9
CERKL;CAMK4;SPA17
STAMBP;TCF7;LMLN
SETD3;TMEM170B;LAPTM4A
ACTR6;SLC6A6;TMEFF1
NFIA;CAPN5;B3GNT5
UAP1L1;SBK1;TAB3
RNASEH1;TXNDC5;SLC30A10
IGF2BP2;TDG;FAHD1
HSPA1B;ARID3A;SMARCD2
TRPA1;NRIP1;ICK
ABCG5;ARL10;TRDN
HERPUD1;RASA2;C1QL1
ACBD3;XPO1;MEX3B
WDR82;FAM131B;DEXI
KLHL1;TNKS;VENTXP1
EPB41;MAFG;C10orf72
CDC7;ELL;NUS1
FAM18B;PRICKLE1;AKAP6
EPB41L5;PAFAH1B2;ZNF552
PSEN2;RGS9BP;TGDS
PLDN;DLGAP4;DYNLT3
SIX4;GPR157;FLJ22763
CACNB2;PTPDC1;HTR1F
C8orf85;PIK3R2;DIRAS1
PPP2R5E;LRP6;RNF32
LASS3;NACC2;LPP
RNF19A;VASH1;PIK3C2B
NPR3;INO80D;PDZK1
KIAA1598;C7orf43;TGFBR2
NPNT;FOXG1;TMEM135
ANG;REEP3;ABCA12
MRI1;ADAMTS3;MYOZ2
DACH2;FAM199X;KIAA0040
YBX1;TIA1;TIA1
SLCO1A2;CALB2;LOC153469
MANSC1;SEMA6B;CCNE2
RCE1;PHACTR2;AGBL4
VAT1;CCDC43;CNOT6
C17orf85;RNF122;SMAP1
RPA2;MIER2;ADD1
EML5;BCL11B;DOCK8
NLK;CPEB3;PCMTD2
VARS2;TNPO1;HS3ST5
NUFIP2;MLK4;ERLIN1
RALGDS;TMEM181;MMGT1
FHOD3;SPCS3;GNG10
ZMYM2;GRHL2;TRPC6
ZFP3;RCAN1;GCOM1
ROD1;OSTM1;MARK1
KIAA1549;BDP1;REXO4
CLDND1;SAMD4A;KIAA1211
DCAF17;BSN;NFAT5
IL6R;SNX33;DTNB
PHTF1;ZNF746;GALNT2
ABI3BP;NEURL1B;CXorf23
LOC158572;DBF4;FNDC3A
ELMO1;MAST3;ZNF20
ACTN1;SLC9A8;MTDH
CTBP2;EDC3;NEUROD6
SMC2;NAA25;C14orf28
TEX12;NUFIP2;SV2B
RAI2;ZNF704;EDIL3
TNKS2;RPS6KA5;QKI
COBLL1;KXD1;TBC1D5
SLC4A8;FUT4;TICAM1
NEDD4L;TRPM3;CCDC142
FILIP1;RRAD;VPS26B
MLL3;SYNGR3;PTGDR
PHIP;BECN1;NEU4
A2BP1;TMEM121;DNAJC25-GNG10
C15orf41;DOC2A;SYNGR3
RFFL;JPH4;ADPRHL1
DGKE;LCLAT1;NRIP1
GRM3;ADAM9;RASGRP3
PTPRB;HOXA11;ABHD6
KDM4C;VOPP1;PQLC3
C14orf101;LOX;SOBP
SNRK;AGO2;BTF3
CRISPLD1;HDAC9;EEA1
OAZ2;RASSF4;RCOR1
SNRNP48;CNTN2;KIAA0776
RSF1;C10orf76;WWP1
CDKN1C;SLC36A1;FAM43A
ANUBL1;REEP1;BOD1L
ATP8A1;A1CF;NIPAL3
TMEM135;KCNN3;TCHHL1
NAA35;GRIN2A;CEP350
MAGI3;FKBP14;DCP1A
GLUD1;LMBR1L;RABGAP1L
PTGS1;SMAD1;FAM109B
AKAP1;RASD1;GUF1
ARID2;EIF3A;PALM2
CYP39A1;ZCCHC2;MEIS2
KHDRBS1;RAB38;SETD5
C3orf63;SLC35F3;INSIG2
LPCAT1;MYBL2;PARP16
B4GALT6;MBOAT1;JAKMIP3
GNG4;CEP41;PDSS1
ABHD5;STAC;UBQLN2
LCORL;GCNT2;IQCB1
TRERF1;EDEM3;GPR110
MECOM;RUNDC3B;YAF2
WDR47;UBE3C;CCDC117
MLLT10;PLEKHM3;MICAL1
ARL6IP6;ELL2;SLC35D3
IL2RA;ATP6V0D1;TDG
DLX1;MAGI3;ACVR1
TIGD6;ZCCHC24;L3MBTL4
IKZF2;ARHGAP26;LMO7
APBB2;CLOCK;ACBD5
PPPDE1;AP5M1;RNF122
LOC286434;CFL2;ZNF238
ALDH2;ATRN;EDAR
SNX10;DAGLA;ASAP2
SGOL1;PLXNA1;CCDC18
ZFX;RARB;PSMD10
ELOVL7;RAP2C;ZMPSTE24
LOC100133029;MSANTD3-TMEFF1;TMC8
AP3D1;TMEFF1;FAM199X
ANKRD10;USP48;KIAA1279
PRNP;PFN2;USP14
FXR1;ZNF608;SLC24A1
RGS10;EPC2;TOX
EYA1;DGKZ;CHD1
NIF3L1;RAB22A;ZKSCAN1
LOC90925;ERLIN1;FANCL
BCL2L1;BCOR;TRIM13
CYP3A4;EFNA3;PRMT6
TRIM15;TENM3;NRP1
IMPG2;FIGN;CNTN2
MPHOSPH9;ITSN1;CPE
NCAM1;PPP1R12A;MRPL35
HP1BP3;FAM46A;UBE3C
P4HA2;CELF4;Mar-04
ARID4B;RAB23;EDEM3
C13orf1;SCN3A;WDR27
ALG13;ATAD2B;SNRPD1
HNRNPH3;QKI;AGPAT6
SLC25A14;KMT2C;FLJ36031
TRIO;HNRNPUL2;ZFP28
CLASP1;ASXL3;CBX2
ZNF382;SLC7A6;C19orf50
TLR8;TRPS1;SDPR
EVI5;AMER1;RNF138
ABCA12;MKL2;SBK1
COL4A3BP;VPS33A;BZW2
RARB;STRIP1;STX7
PECR;SMAP1;BTBD11
SRFBP1;SRGAP3;PTBP2
CLK4;LGI1;TMEM87B
MARK3;PAPD4;PTPN20B
TTC35;ABL1;DCUN1D4
HIC2;LCOR;PPHLN1
ARHGEF9;TAB3;PGBD2
PTPN20A;SIX1;COPS7B
CALU;KCNJ12;STARD3
CYP2C9;EPC1;DOCK7
LIPH;OTUD4;LOC339290
KRAS;BCL9;BNIP3L
PLEKHO2;NKX2-2;UAP1L1
MYOZ2;GMEB2;LCORL
CTCFL;GLCCI1;MLLT10
C1orf57;KPNA3;ZFX
SGIP1;ORC2;EVI5
TJP1;NHS;PTPN20A
PGGT1B;SEC22C;BCL2L11
C16orf52;FAM214A;OR11A1
LOC647121;CDH20;ACTR10
KLF10;ARID4A;TIMP3
SP3;AFAP1L2;ZNF480
EXOG;RFX7;ELMOD2
CCDC52;SLC6A9;GDA
VIM;ICK;MBOAT1
SULT1E1;SCN8A;NDUFAF4
CLCC1;CCDC120;L3MBTL
ABCC9;FZD2;ELL
PKDCC;TP53INP1;CDK17
CCDC73;FAM124A;WBP4
C9orf85;CD2AP;TNFRSF10B
ZNF521;FST;LYST
PHF17;MAP4K4;ZNF274
ATP1A1;FAP;METAP2
S100PBP;KIAA2026;COBL
BDKRB2;NHLH2;KITLG
AGTPBP1;FAM81A;APLP2
LOC100128505;LPPR4;RGS22
CELSR3;STK39;TMCC1
CAP2;AFF3;ZCCHC10
SH3YL1;POLR3G;OSBPL1A
TPH2;C7orf60;BEAN
SPHKAP;CBLB;GNAQ
PIKFYVE;ATP2B1;HDAC9
MED29;USP45;RNF7
SLC29A3;ARID5B;CDHR3
E4F1;SLC7A11;ARHGEF6
PDK1;CACNA1C;EYS
LDHAL6A;WIPF3;ZNF644
PTPRD;CPSF6;POP1
KIF20B;SDK2;SLC35A5
KIAA1432;DDI2;SNX6
SPAST;UCP3;ELOVL2
DMXL2;GNPDA1;KCNJ3
LMBR1L;ARL4A;DENND3
BCL2L11;MAP3K12;MPZL2
BRD1;RAB3D;FOXD1
TPTE2;ACVR1;OSBPL11
STX16;XKR4;SOD2
URGCP;RLIM;KIAA1715
CEP170;DPY19L1;DCLK3
CABP4;SH3RF1;LOC257358
MYEF2;LPP;TRIM23
RAD51C;WIPF1;FIP1L1
TTC39B;FBXO32;GABRB1
PARP16;ZDHHC17;STX17
OR11A1;PARP16;TMCO1
HCLS1;ZNF644;ERLEC1
PLEKHB2;VPS53;GALNT11
LOC643327;MID2;ZYG11B
CDK19;UBE2R2;NOL12
NPHP1;R3HDM1;FLJ43315
NEK2;DOLPP1;BIRC6
PPME1;PDSS1;CENPQ
FAM3C;ACAP2;MAST2
GATM;CARS;PLAGL2
SEMA6A;GJA1;ALS2CR8
PATL2;SOX13;SEPHS1
SMYD2;BNC1;CHCHD5
BCL6;FAM210B;GULP1
GCH1;LMBR1;NEUROD1
PPARGC1B;RAPGEF2;ATP6V1B2
KIAA1841;PXN;CBX3
ZNF280B;NR5A2;C2CD2
C18orf19;EPHB2;UQCRB
TMC5;CPNE8;RNF149
MAPK10;OVOL1;SLC22A10
SH3D19;AP2A1;SEH1L
PDE4D;Mar-04;GALR1
GANC;FYCO1;VENTX
ACTR3B;BCL2L11;ABCA11P
UBE2I;KLF13;PBOV1
POLI;RFX3;NDUFS5
ARHGEF10;PPP3R1;SPAG9
FAM179B;ARID4B;SCN2A
MPDZ;CCDC6;D4S234E
RPL23AP82;SLC35D3;PITPNB
LRBA;HEPHL1;FAM196A
FGF14;NR4A2;SON
TMED10;WNK3;STOX2
SCMH1;DNAJC13;TRPA1
ITSN1;KLF12;RCE1
MYO1B;NECAP1;DGKE
NR4A2;PAXBP1;C3orf63
RCAN1;PER2;GANC
TBCA;PRRT2;USP2
ACTR10;C11orf84;RUNX2
UBE2D3;TRIO;CCM2
ZMYND11;SAR1B;USP22
ATL2;PRCD;MYO3B
LOC284861;RHEBL1;MICAL3
RAB3GAP1;ITGA6;PHF16
IFIT5;ZBTB18;MAT2A
USP2;KLF9;MYLK3
TCHH;LRFN2;SSX2IP
Sep-07;FAM217B;CNR1
SH3BP5L;TBC1D10B;CDC42BPA
PPP2R2B;VAV3;NAGPA
POLR3G;NTNG1;FBXL13
CPEB3;RHOB;LOX
CDH2;ZNF148;C16orf73
RAP1A;EML4;CSMD1
PDGFRB;PITPNM2;NR5A2
GNAO1;MSI2;FGF21
KIAA0040;MYLK;NEFL
ETV5;NRG3;DEPDC1B
TBCEL;CCNE2;RNF44
SYT14;ZBTB11;LRRFIP2
BAG4;RAP1B;TRAPPC6B
STAT1;HOXA1;ATG5
SNX30;SLC38A4;FAM46A
KCTD9;WDR44;TNFSF9
SRPR;ZFC3H1;SLC35F3
WHSC1;NEUROD1;SLC6A3
JAKMIP3;RBFOX1;FBXW8
RPP21;KHNYN;BCAP29
RAB23;MDM4;LOC285419
PCNA;CSNK1G1;REEP1
PTEN;NRK;OMG
ASXL2;EXTL2;LOC255187
PDSS1;PHTF2;C12orf61
UBQLN2;LRCH2;MTHFD2L
NAPG;EEF2K;LOC727896
SEZ6L;HDAC5;GPR125
CCDC14;IPMK;LCLAT1
KIAA1530;GIGYF2;OTUD4
SLC10A7;TWF1;STC1
TIMP3;MICU3;MDN1
ZFP1;GNAQ;ANKRD62
IRAK1BP1;ARHGEF3;TMEM20
WDR44;ZNF280B;TTBK1
CTSK;SLC22A5;FSTL4
GNAI2;KRAS;CCNK
AP2A1;FAM73B;ZDHHC21
CRMP1;PRKRIR;ABCA9
SMEK2;NUAK1;SSR3
COMMD3;ONECUT2;ESF1
RUNX2;CEP85L;FHOD3
SPIRE1;SETD5;C3orf55
RBMY1A1;PITX1;ANKRD17
PHF6;TNPO3;SUB1
MLL;DAAM2;FOXJ2
ZNF480;ZDHHC14;TMEM85
P2RY10;ZNF652;C14orf181
ATP11B;SGK3;COL25A1
CIT;C8orf44-SGK3;TPRG1L
DHX9;ZNF264;FBXO39
C10orf118;P4HA1;KIAA1804
CDCA8;MBNL1;SNIP1
ADH4;HOXB8;OSGEPL1
GNPDA1;ZNF711;SLC44A3
CAMKK2;FAM91A1;LOC285026
OLFM4;SKIL;LRFN2
TRAF3IP2;CALCR;C1orf174
ZNF638;FANCF;HEPHL1
ARPP21;VIM;SPSB4
ZNF286A;TUBGCP3;SCML1
DGKH;EFR3A;FN3K
LIPG;SNX16;JPH4
GLS;ARAP2;STIM2
NSF;LUC7L2;RPUSD4
MED20;KIAA0408;FRG2C
MOCS2;C7orf55-LUC7L2;NCRNA00103
STOML1;TBPL1;ARHGAP32
CDK8;TMEM106B;RAI14
LARGE;POU3F2;PSME3
RNF103;SLC35F4;BTBD10
ZNF860;DDX46;MICB
RBM43;SEC61A2;CACNB2
FAM153B;COTL1;PHTF1
CALML4;PRPF40A;ATP8A1
SACS;MFSD11;B4GALT6
COL13A1;AP1S2;ABCC9
OLFML2B;ASB4;KIAA1841
CRB1;MTHFD1L;Sep-07
NBLA00301;STXBP5;KCTD9
RDH5;RIMS1;FGD6
C21orf91;MSANTD4;TBC1D10B
PAR-SN;AZIN1;AP1B1
RAD23B;SRSF10;DENND4C
ARL6;NRBF2;ZBTB7C
C8orf59;IER5;SLC38A4
CDK14;PLS1;FRMD4B
TAC1;PRRG1;PPP1R2
MSL2;GNA13;PHACTR2
CCM2;ATL2;BCLAF1
NEDD4;FAM13C;MST1P9
PIGA;SCAF4;ACTL6A
MOBKL1A;FXR1;FAM57A
IL28RA;ELMO1;ZC3H6
EHBP1;ACTN1;ZNF585B
MPPED1;ADAMTS14;KLHL28
RBM7;GLUD1;PGM2L1
SLC5A11;RASGEF1A;PAAF1
ZNF384;JUNB;TCTE3
FAM69A;PABPC1L2A;ACP2
RNF34;HTRA3;PPP1R2P3
LOC29034;RANBP9;CATSPERG
DNPEP;TEX2;GUCY1B3
KIAA2026;CTPS1;C13orf15
BID;TRIM9;FRS2
SEC24D;NR3C1;SC5DL
CYP4B1;MAB21L1;ARL10
TPP2;OCLN;FRG2
RSBN1;RAB33B;VAV3
YTHDF3;NR2F2;MED28
SPATA2;AP3M1;C8orf83
ZEB2;CBX2;MTBP
SLTM;DLGAP2;WDFY3
FAM133B;CPOX;UBQLN4
NPM1;PABPC1L2B;GOLGA8B
DAZ4;GPR137C;ITGA5
FAM190A;TPM4;PEX3
ODZ1;IRS2;LASS6
ATP8B4;HOXB3;ZFYVE26
EIF2B1;FOXN2;C2orf65
C10orf137;LATS2;BECN1
LRRC7;MARCKS;TMEM183A
TRIM55;CHIC1;USP44
ACSL4;KDSR;LOC340094
CALM2;RASEF;KSR1
XPO1;YWHAG;SLC22A5
PLIN1;GABRA5;TSPYL4
NECAB1;ADAM12;PNMA1
SUN1;GRK5;ZCCHC4
DONSON;KLHL23;CXCL11
PAM;CHD9;KIAA1467
FBXO31;GAS2;LOC100132352
AK3L1;PCGF3;GOLGA8A
TSPAN8;WDFY3;SORCS1
SLAIN1;PIEZO2;SCARA3
P4HA1;EOGT;PRKCB
AKAP9;MAP3K1;LOC100127974
RAB32;NEGR1;SPDYA
FRMD6;N4BP2;ZNF770
BRPF3;GUF1;LOC388692
HEATR5A;SNX27;DAPP1
C12orf39;TTC39A;IL21R
ARHGAP17;UST;PIP4K2B
FANCM;BCL6;PHC3
CBLB;PHF13;NAMPT
CECR2;ZBTB10;RASL12
TGFBI;GOT2;SYNE1
RAP1B;ZFP36L1;HELZ
ZNF800;NOVA1;C13orf23
KIAA1370;PUM2;ZNF507
SAMD5;ZIC2;SENP5
HLA-DPB1;COL4A3BP;IRAK1BP1
DCBLD1;SLC38A1;HAO1
MAP3K12;CNTN4;TNFAIP2
IQCB1;BDNF;ZC3H13
KCNT2;NREP;ZNF831
TTLL12;DGKB;RPL36A
MGEA5;EYA2;FAS
ZNF175;SMARCD2;HTT
ALKBH4;MYO9B;CLEC4D
C6orf201;ACSBG1;SCML2
CBS;FAM109A;SFXN1
SMNDC1;CEP44;SLTM
ABCC10;PLCG1;ALG10
SYNJ2;DDAH1;SNORD108
ELMOD2;ATP8B1;RMND5A
SMN2;PTBP3;ANKHD1
RNGTT;PPP3CB;TM4SF20
CD300LG;SNAPC3;DDX60
TMEFF2;DTNA;DGKZ
MACF1;PAX9;MPI
HIBCH;ELFN2;TUSC3
PDZRN3;FAF2;FOXRED1
GRXCR1;G3BP2;RMI1
DNMT3A;FOXO3;FAM18B
FPR3;BAZ1A;C14orf101
NUP62CL;ABL2;IL2RA
ANGPTL3;PELI1;PPPDE1
FAM110B;SNX29;S100PBP
GPR110;PHLDB2;CEP170
CLDN12;THBS2;RAB3GAP1
GPR98;BCL2;NAPG
KIAA1033;FOXA1;ATP11B
FRK;CABLES2;STOML1
PAN3;CDH13;ZNF860
DLX2;GREB1L;PIGA
GNRHR;ADAM10;NOV
FGD6;HIPK1;PTPN13
EIF5A2;ZSWIM6;FBXO11
USP22;KIAA1033;ABCA8
ATP11C;AIDA;PTPRK
RHEB;PDGFRB;ATRN
PCSK1;WASL;ESCO1
MTF1;COG5;CCDC50
LYPD6;STX16;ZNRF1
C3orf59;SATB1;CPNE8
COX7B2;MAU2;ZNF69
MAF;FOXP4;ANKRD20A3
YAF2;ARID1A;NUDT13
FAM131B;SETD9;TCTN1
IRF4;VWDE;TMEM22
SEC22A;IRF4;FAM160B1
EGLN2;SLC6A15;GCNT2
TBC1D10B;LARP1;MYH11
ABCA6;CDYL2;EDNRA
AKTIP;RASSF8;LEPROTL1
RAB5B;KIF3A;CYP4V2
AP1B1;ITGA9;EBF3
HERC2;AGO4;GRHL1
LGI1;NAV3;PTP4A1
UPK1B;MBD6;RER1
PIGM;SSBP3;DSG2
CMPK1;ROCK2;PRY
MYO3B;NCOA3;C6orf167
OPRM1;ATP2A2;HERC4
UCHL5;UBN1;BCL11B
ARID3B;BTAF1;MIER3
NOV;USP24;KIF1B
FBXL20;B4GALT5;ELL2
RIMBP2;UBE2O;DNMBP
UBXN4;STX6;ZMAT4
CCDC97;ADAM11;ZPBP2
TIA1;PAG1;RELL1
C17orf57;TRIM33;UBE2J1
PRKCH;PPP6C;FKSG83
MRPL22;IGF1R;LOC400696
HNF4G;FNDC3B;RPN2
CCDC117;FBXO34;LOC284889
CCT5;UBR7;CADPS
LDHA;TSPAN2;PGAM4
MICAL3;RP11-766F14.2;NHLH2
SR140;ONECUT3;SLC38A7
VIPR1;ELMSAN1;MMD
TLE4;LONRF3;TAF4B
PTPN13;BBX;TANK
PPP1R2P1;YY1;ASCC3
INTS2;PACRGL;ATRNL1
SNX9;SIDT2;UBE2D2
MTHFSD;MTF1;CHI3L1
TBC1D1;TIMP2;DACT1
KPNB1;MAPKBP1;DGKI
SNX13;NCS1;LRRC9
LOC153469;BACH1;FUBP3
FLJ30838;SH3KBP1;KIF16B
RAB4A;CAND1;TTC9
CC2D2A;ALPK3;C4orf34
BTBD1;BNIP3L;KLF8
CAMK2D;ADAMTS5;FAM181A
C4orf19;FAM53B;RALGPS2
NBR1;WNT7B;FYCO1
ARL8B;NOTCH1;NKX2-2
FBXO11;FAM126A;ZSCAN12
NRBF2;CACNA1D;EAF1
CEACAM1;TMEM110;DDIT4
AMN1;NR3C2;POU4F2
RRN3;GDNF;CPD
GDA;CELF1;ANKRD20A4
DYRK1A;CALU;WDR33
SIRT1;DMD;IKZF1
MICAL1;IRF2BP2;ADO
HTATSF1;CBX7;RAB15
HBS1L;CHD5;TOMM20
RAB4B;RP1-170O19.20;SYN2
DENND4C;HOXA9;KLHL29
DNMT3B;STYX;CNGB3
MERTK;PSD3;CEP135
SLC35B4;KMT2A;CECR6
MBOAT1;GPT2;NAA25
MAP3K15;FNIP2;CLRN1
TMEM165;HCN1;TPRX1
SAE1;ANGEL2;AVL9
STXBP5;ATP8B2;ZNF518A
PHF16;LPAR3;PGAM1
NDUFAF4;MARK3;IFT27
ZNF260;FYN;LRRC28
FBXW7;ABI2;GFPT2
ABCA8;ENAH;LOC121952
ZNF248;PDCD10;RNF185
PLXNA2;CORO2A;PDCL
CPEB4;ATXN1;JARID2
TMEM87A;SEMA6D;SAMHD1
DCAF5;NID1;TANC1
RUNX1;SSBP2;FAM18B2
ITM2B;NRG2;ANKRD20A2
DSP;ANKRD52;HOXD8
RPL10L;HIAT1;HLX
TMEM202;GATA6;NEUROD4
PTPRK;CLCN3;ZNF277
FAM81A;UNKL;C12orf76
FCGR2B;CACNB2;DOK5
TBL1X;ZNF507;PSEN2
NUP153;RNF34;RPA2
PIK3C2G;KMT2D;DCAF17
ITGA6;ABCB7;SNRNP48
ARHGAP28;CSNK2A1;BDKRB2
RHD;NFYA;CELSR3
HPS4;FAM216A;SH3YL1
L3MBTL;YBX1;STX16
RGS7;USP15;TBCEL
ARMC7;DOCK7;ZFP1
WNT16;TSC22D2;TRAF3IP2
DOCK3;G6PC3;ZNF800
NKTR;PGM1;IRF4
PAPOLG;KIAA1715;LGI1
PPFIA1;STK17B;TBC1D1
HEY2;PLAG1;CEACAM1
DENND4A;PHF16;PAPOLG
RPS6KB1;GIGYF1;CARS
CARS;SENP5;SPEN
ARID5B;ZSCAN29;CLIP4
LOC613266;TMEM87A;HOXA1
FAM13A;LIN7C;CPEB2
MED14;OXR1;EPDR1
SPEN;PPFIA2;C5orf39
ZBTB38;FLVCR1;SFRS7
FGF13;RASGEF1B;UBE2F
AGTR1;TFDP1;ETF1
GLI2;SOS1;LSM14B
RNF182;SKP2;KLHL20
RTN4;ITGA4;FKBP1A
MYH15;SIAH2;TMEM170A
ZBTB7C;CNOT6;IFNA21
MAT2A;CDK12;C14orf39
DGKD;CLSPN;ANKRD20B
FBXO25;NF1;SLC39A8
GBP3;TMEM56;ADPRH
MBNL1;CEP350;SRCIN1
ABCE1;SLC29A3;PARP15
CIB4;IL1RAPL2;RAB10
TIGD7;PGM3;ELAVL3
CELF5;NAGPA;LPPR4
FRZB;GRIA2;INCENP
CLIP4;Mar-06;LOC283914
MYD88;GDF2;FAM192A
FAM156A;TNXB;CAPN5
PCOLCE2;STX2;DSEL
FAM49B;VIP;SEMA6D
MCTP2;NDEL1;PER2
TREML4;CNKSR2;PPP1R3B
DMTF1;EPB41L5;PKNOX2
CHMP2B;SEC23IP;TP63
MYLK3;ATG5;LIN28A
SLC38A4;ELOVL5;EMCN
PSMG4;FNDC3A;RTKN2
BAG1;HNRNPA1;PCDH17
DEGS1;SCAMP1;NIPSNAP3B
ERP44;KIAA1522;OXR1
SLC35D3;C10orf11;STAT2
ATRN;LRRC17;EPC2
DZIP1L;RPRD1A;CLOCK
CNN3;NIPAL1;DLGAP4
CD1D;UBE2F;May-01
SYNPR;GCLC;PEG10
ZBTB49;LHX5;FAM169B
SSX2IP;SLC5A3;ENOX2
ST18;BTBD7;SAMD4A
RPS6KA4;YWHAZ;SEPSECS
KLHL24;FAM104A;PAPD4
KIRREL2;SETD3;C22orf40
PDS5B;GRB10;FIGN
RBM15B;ARL6IP6;SCLT1
LEPR;HOXB4;DLG5
PLEKHA5;HLF;MTMR1
PRPSAP2;C16orf87;FAM161A
CCNE2;IRS1;ELOVL5
UBE2J2;RNF44;CRLF3
MEST;SMAD2;DST
KCNJ12;RAP2B;HSFY1
ZNF37A;PDCL;CLTC
SEC61A2;SNX30;YTHDC1
TDG;RABGAP1L;CAPRIN2
STK38L;SERPINE1;FBXO34
UNC45B;TOR1B;BBS9
ACTR3;TET1;SLC30A2
KTN1;SMARCA5;MAMLD1
SNX16;ADAMTS9;PTGER3
BZRAP1;AGO3;HSFY2
RBMX;CTDSPL2;P704P
CNR1;FGD6;CD80
KIAA1328;HSPA5;PGP
C1orf103;AKIRIN1;MARCKSL1
AURKB;KPNA6;RCSD1
MDS2;GRM5;MAN1B1
JDP2;FA2H;PRUNE2
CCNA1;PARP8;ADAMTS6
PLA2G12A;DGKD;PART1
ZDHHC15;NAP1L5;HFE
ESCO1;GRHL1;LRRIQ1
CDC42BPA;YAF2;CPSF3L
NAGPA;EVI5;ADRA2A
DMXL1;COPS7B;FAM178A
YWHAE;GLCE;PTPLAD1
ANKRD26;ZFP36L2;SLC25A30
CCDC50;NEDD4L;HMGB2
NUPL2;RAB8A;ARHGAP36
TMEM220;IFFO2;ACP6
C10orf26;HECW1;RAG1
KCNG4;SUPT3H;MTHFD1L
HOXA1;Mar-08;RGPD3
CHCHD7;TMOD3;NUCKS1
EGR3;RALGPS1;ACTC1
FRMD4B;KCTD20;CEP120
PRICKLE1;FRK;CLCA2
GALC;SGSM1;ZNF71
TDRD6;FTO;ZBED4
PPP1R2;PIGV;PFKFB4
ABCD2;USP14;VPS33A
ZNF566;KIAA1211;SH3PXD2A
HPS3;DHX40;TRIM35
KCNIP4;CADM1;TACC1
ACTR1A;STX7;CHL1
TRAPPC10;H2AFY;HORMAD1
ELL;CCDC178;PVRL4
GCET2;HLX;Sep-08
TRPC4;ZDHHC21;RNASEH1
CDK17;CCDC148;EPB41
HOMEZ;ZNF521;IL6R
ZMIZ1;MAGI2;WDR47
NCRNA00119;JARID2;LMBR1L
UGP2;SPHKAP;GATM
LIFR;USP2;ADH4
PGM1;NFIA;CALML4
MYST3;STXBP1;CRB1
CPEB2;RANBP10;ARL6
CRH;EEA1;RAB32
ARHGEF2;MATR3;MAP3K12
EIF2AK3;TTC28;EIF5A2
ZNF804A;SAP30BP;RAB4A
PHACTR2;EBF3;TBL1X
DPPA3;ZCCHC14;RBM15B
CPSF6;CPEB2;OSGIN2
PHTF2;PRUNE2;KRT5
NFYB;CNGB3;GIMAP2
C14orf143;TRERF1;DOC2A
FAM73B;DRAXIN;LMBR1
C19orf62;SV2C;SATB2
IL26;ESPN;LOC554223
MINPP1;TACC1;MBL2
ELF1;SPTLC2;LOC642597
HLF;SIM1;ARID1A
ZFAND5;GADD45GIP1;LEFTY1
WDR52;INSIG2;LOC400622
GIGYF2;EPB41L4B;NT5C3
CALCR;GTDC1;NKAIN2
EPDR1;PON2;C17orf71
VCAN;SLC35A5;C22orf30
MPP7;CYB5B;LBR
ZNRF1;CLEC14A;GBP5
FAM13C;CERS5;TNKS
REPS1;ARL6IP5;RHEBL1
ACVR1;SPRYD7;CAMK4
CD200R1;CYB561;ANKRD30B
GRAMD3;MAP3K5;DHRS4L2
ROBO2;ELAVL4;C4orf42
TRPM7;ABI3BP;HDAC8
C12orf72;JAK1;SP4
AGBL4;MIA3;MNT
TIMM23;MBNL2;ARID4A
RRP1B;PDAP1;MAP4K4
NEK1;MEIS2;TRNT1
PNPLA8;SSR1;NKAIN1
ZFAND6;LRRC58;S1PR3
FBXL13;BIRC6;NRSN1
PTK7;TSPAN33;GZF1
KLRG1;SGCB;ZNF720
COX7B;LYN;CUL3
GPR108;WBP1L;RIOK3
PDE12;B3GALTL;RRM2B
MATR3;SOBP;CMTM4
Mar-05;PELI2;IL1A
C5orf39;PEAK1;TACR1
SLC30A5;MARK1;MKL2
BCLAF1;GMEB1;C12orf51
ARFGEF1;IFNAR2;HSD17B6
L3MBTL4;ESRRG;FLJ10357
PFKFB2;ATRNL1;KPNA3
HAUS6;USP49;C15orf2
SCYL3;AP1B1;FLJ42393
C12orf32;AP3S1;ADSSL1
SLC23A3;SIX4;UBE2D1
CPNE8;POU4F2;MYO16
ZNF84;ADAM22;ZAK
MCF2;GTF2H1;MEGF9
INTU;NPTXR;KILLIN
MAGEE1;NEFM;SLMAP
ZNF69;VAMP3;CD302
LOC400804;MAPK8;FGFR1
TXNRD3;MAF;ZSCAN22
PPP1R13L;UGT8;WDR36
SLCO1B3;INHBA;TES
TC2N;FRS2;KDM4B
BRAP;PRKAR1A;ARID3A
OSGIN2;SLC25A36;TMEM47
RERE;ELAVL3;CPSF2
ZNF587;PRKAA2;GPR126
SCN9A;KIF21B;FAM109A
HMGCR;TMEM135;PAFAH1B2
KRT5;RAB11A;ADAM18
URM1;EIF5A2;MAGI1
WBSCR22;NLK;RBAK
SFRS7;RBM15B;CUL5
SGK269;PPIL4;KCNK1
AP1S2;SLC35B4;PIRT
PXK;TMED2;POLR1D
IRS2;TRIM24;STAC
OSMR;TUSC3;WDR61
PCSK2;HIVEP1;STAMBPL1
LPAR3;NKAIN2;METTL3
SCGB2A2;RBM12;SETD1B
IFT80;UBE2D2;CHRM3
TIAF1;GRAMD2;ARIH1
LARP1B;KCNJ3;SPTLC3
PPAPDC2;SATB2;LOC100329135
DTWD1;PAPD5;CDK15
CNOT6;ASCC3;SNX1
COL6A3;DIO2;GRM5
LYSMD3;PITPNM3;ITGB1
ANKRD20A3;PLXNC1;SLC35C2
NPL;PTCHD1;C20orf72
GBP1;ZFYVE26;TNIP1
RARRES1;HHIPL1;Sep-03
RALYL;TTPA;OSBPL3
SMAP1;MZT1;DCTN4
NUDT13;CAMK2N2;ZFP3
SCARA5;GNAO1;CLDND1
AP3S1;PCDH20;ALG13
NPFFR2;DSC2;ZNF521
MSTN;SIRT1;SLC29A3
C19orf39;PTPN13;PDK1
FAM26D;RAB4B;CDK19
MID1IP1;BCLAF1;C18orf19
CBWD3;YES1;CPEB3
EMP1;NT5DC3;PAR-SN
TRIM38;PHIP;RSBN1
TIPIN;SETD1B;CBLB
KLF4;TNFRSF8;SR140
ADD1;REV3L;SIRT1
GALNT13;FAM168B;ITGA6
MYOM2;SLC30A5;HPS4
PRR20A;NUCKS1;JDP2
LOX;SLC30A10;PRICKLE1
DOCK8;PIAS1;MINPP1
SCARNA15;ZBTB34;HLF
MBNL2;KIAA0247;GSPT1
MFSD6;ANKRA2;RCHY1
PCMTD2;ADO;CCDC46
MAGI2;SMIM14;PICALM
EIF2AK4;BTBD10;MAML1
C16orf73;PNN;VOPP1
SCN8A;AVL9;RAVER2
KRTAP5-2;SLC16A14;ZMAT1
TCTN1;KIAA1147;SLC35D2
C1QTNF7;E2F3;LOC100128682
LYN;SON;LRRC8D
TMEM22;MTA1;ETV3
ROCK1;VAT1;SFRS18
C3orf14;ZNF275;AZIN1
KCNH5;FUBP3;DLGAP1
LRRTM3;DAG1;EIF2C3
PLEKHA7;KLF8;GPR180
USP24;Mar-03;CSNK1A1
ANKS4B;CTTNBP2NL;SHOC2
WAC;CHST12;XPR1
PPFIBP2;DLGAP1;RAPGEF6
UBE2F;AK4;NECAP1
C7orf46;SLC41A2;LPCAT2
GSPT1;PSMD7;IL15
RCOR3;GOLGA4;AMOTL2
C1orf173;IL1A;BAZ2B
EIF4G3;FAM126B;AR
TOM1L1;YTHDF3;TCTN3
ZNF439;JAM2;MIS12
ETF1;ENOX2;RNF146
STXBP1;BEND3;PDE7A
MFHAS1;MPPED1;CELF4
LRRC31;GNG10;DOLPP1
RCHY1;DNAJC25-GNG10;HSPA5
MTMR2;POGLUT1;TBC1D20
FAM26E;MMD;MIB1
DAGLA;PVRL3;TMEM86A
ARL1;FRMD6;CAMTA1
RFX8;RCBTB1;C10orf18
SLC12A6;KCNJ15;TAOK1
C1RL;RALGDS;PCDH19
C12orf29;WWP1;RMST
PNRC2;ME1;PNN
SOX13;FAM46C;ADC
RPGRIP1L;RNF217;MLXIP
SURF4;RAB10;PDZD2
DNAJC21;PSME3;FAM126B
SHANK3;RAPH1;LRRC58
UGT2B10;RASGRF2;MRO
ANKRD13A;KLF14;LGI3
KIAA1024;ZDHHC20;ST8SIA4
LATS1;KIAA0101;TMEM209
NAP1L2;FKBP3;SUV39H2
SLC9A2;SEC23A;RAP2B
PHLDB2;ROR1;C6orf115
GIMAP2;EPB41L3;PPIL4
SAPS3;NEUROD6;FAM35B
TMEM66;FBXO28;GFM1
PITPNM3;SGMS2;CISD2
C10orf119;EBF2;PRDM1
CSMD1;TADA2B;C8orf39
VNN3;ADRA2B;ZNF706
SOX6;TRIM27;C19orf12
KIAA1012;UBE2D3;GLDC
IL1RAPL2;NSG1;KL
BCOR;UBE2G1;PUS10
CBWD5;HERC2;ARL15
MOBP;TMEM168;YOD1
B3GNT2;NLGN1;ERAP1
KCNJ6;STAG2;MAN1A2
HDAC5;ZMYND8;SOX9
WBP4;SLC4A7;ENC1
FLJ43390;MED12L;C9orf153
ZNF567;PPP1R14C;DPY19L4
CHCHD3;IKZF2;ARL5B
C19orf2;PXK;GRM6
ESPN;GPD1L;FAM35B2
FLVCR1;ERRFI1;GLRB
GALNT1;WDR1;VAT1L
ALG6;TRAM2;FMR1NB
NAA30;DPYSL2;GALNTL1
FAM76B;COL9A3;TOPBP1
POLE3;CBFB;ZFHX3
ZDHHC14;NT5E;CTHRC1
MTF2;LDLR;MMP13
COL5A2;RNF213;TMEM128
PIK3CD;SFMBT1;DKFZP434L187
CCDC46;TRIM71;ATXN7L1
DPY19L3;ZNF200;ACAT1
MYBL2;ATG12;C8orf74
MTPAP;NRBP1;RPRD2
FAM91A1;JAKMIP3;LOC100134015
CENPK;GPR161;TASP1
HCG22;CERS6;CNOT2
GTF2IRD2B;USP44;UBAC1
NCOA2;PROSER1;SPOCK3
TIAM2;FAM175B;PTPN2
COG6;DPY19L3;CDCA7
PKD1L1;RSF1;EPHA5
HS3ST5;PLCXD3;EDN1
MSR1;TRAF3;NFIB
CSDE1;MTF2;IP6K3
EIF3H;SDC2;PCDH20
ORC2L;GALNT2;DOCK4
SYNCRIP;C10orf118;JAKMIP2
KIAA0317;SUCLG2;NR4A2
SLAMF1;PIGA;LIPG
LYPLAL1;RGL1;KIAA1370
TMEM56;AHNAK;FBXL20
TNFRSF10B;ADRB1;ARID5B
FAM160B1;TECPR1;GPR108
LMO7;PMEPA1;SCARA5
EIF1AY;NSD1;MBNL2
KERA;ARF4;LRRTM3
AFAP1L2;GLDC;LOC340074
NRBP1;ZNF770;PRG4
KIF1B;SEC62;LIN7C
STK17B;NRP1;DUSP11
LOC340074;TPRG1;CDK12
MIPOL1;PTPN9;ZNF528
GCNT2;ASCC1;BMI1
GPR124;PDSS2;GLCCI1
FAM115C;LYSMD3;EPHB2
CHEK1;ARL15;Sep-06
ADAM9;POC1B;ABI3BP
FAM96A;FAM129A;CHD6
CALB2;GCH1;CCL19
SFRS12IP1;NFYB;ETNK2
C20orf108;FBXL17;ZNF345
DENND2C;KIF16B;C14orf129
DDX20;SOGA3;ADCYAP1
PRDXDD1P;ZBTB20;IFNAR2
MAPKSP1;TVP23B;PPP3R2
ERLIN1;CAMKK2;ERG
TSPAN33;C16orf52;AHR
GSK3B;AMOT;SIGMAR1
NAA16;ARIH1;SNRPN
C9orf93;URM1;BTBD7
LYSMD2;POP1;ANKRD43
SLC9A8;PHF6;DDHD2
ODZ2;BRAP;C9orf72
PAPOLA;DHX36;ZNF510
NT5E;PIGX;LRRC36
METT11D1;CAPN7;C3orf38
ZNF826;MAT2A;SEC23A
THSD4;STT3B;MED27
RNF144B;PSMD9;PPTC7
TMEM108;PTPRK;CLEC2D
RASSF8;ING5;CTXN2
CCDC144NL;UBE2K;COL9A3
FPGT;AC002451.1;CCDC93
ZNF530;TASP1;TRAK1
C1orf144;BEND7;YLPM1
AWAT2;DGKE;C10orf112
CYTH1;RNF7;ZNF233
PFN2;SYPL1;ZBTB44
USP8;DRP2;PIP5K1B
PICALM;DNAH17;SH3RF1
PDZRN4;CCDC117;PPM1E
MYH11;DDIT4;FLJ21408
GTF2H1;BZW1;SAP30
AGAP1;GPRIN3;COL12A1
LSM14B;PCDH19;RFTN2
CREM;PAQR5;FAM165B
LMOD3;KIAA0226L;UGT8
CTH;SNAPIN;CAPN7
IL1RAP;HNRNPC;CDC37L1
ACBD5;SORCS3;SORBS1
RICH2;ZBTB6;LOC100128908
TUBGCP5;CAPRIN1;EIF4A2
KTELC1;CELF2;LCP1
PRPF40A;TBL1XR1;LRRC17
LOC729444;RWDD4;TBC1D8B
TXNDC15;PDE3A;NUCB2
STAM;PHKA2;SIK3
TBCCD1;GJC2;CSMD3
REV3L;CALCOCO1;C19orf10
MREG;PPP2R4;STX6
PRG4;SOX9;GRB10
NR5A2;CACHD1;LCT
METTL5;CREB1;KALRN
ZCCHC6;ZG16;DLD
LOC338651;SEC24A;LOC283392
MAML1;RASL12;NBPF10
TASP1;KIAA1244;TRO
ZBTB10;MIS12;ZNF594
VOPP1;ATP8A1;ERI2
C21orf49;PAAF1;UBN1
C1orf163;FAM72D;LOC100289314
SDK2;FAM72B;NAIP
MST1P9;MAN1B1;PLCXD2
KBTBD3;IFNLR1;PCMTD1
DCAF4L2;HPCAL1;CCDC120
ADAM21;SERPINF2;HACE1
GATS;JMY;FAM135A
SALL4;DNAJC25;ABCG5
SLC26A11;PPP2R1B;C17orf85
LYRM4;FGF20;NLK
LOC339240;PPP2R5E;KIAA1549
RFX2;KCTD8;NEDD4L
CELF3;TRDN;RSF1
FAM151B;UHRF1BP1;LPCAT1
RUNDC3B;EVI5L;ABHD5
RAPGEF2;RASGRP3;SNX10
RBBP6;PDS5B;ELOVL7
CSK;FRMPD4;AP3D1
UBR5;YTHDF2;ANKRD10
RAVER2;DACH2;NIF3L1
SCHIP1;IGSF3;ZNF382
SEL1L3;SH3GLB1;CLK4
CNOT7;TVP23C;LOC647121
KIAA0564;Sep-08;SPHKAP
ACTL6A;MECP2;RAD51C
SMARCE1;DEXI;PATL2
EDNRA;STX17;PPARGC1B
ASPH;OTOR;ZNF280B
LIN7C;FYTTD1;ARHGEF10
MAPKAP1;STOML1;TMED10
SLC25A24;MFHAS1;ITSN1
TCF20;CHIC2;PTEN
LYST;P4HA3;COMMD3
DIP2C;LEPR;PHF6
SEC23IP;MEX3D;LARGE
FGF21;PITPNC1;RBM43
SFRS2;HERC3;SACS
SOX12;LRRC8C;TPP2
RNF144A;METAP2;YTHDF3
DOC2A;PICALM;FAM190A
LEPROTL1;DCP1A;XPO1
YME1L1;TMEM133;MAF
IL33;ANKS4B;FAM131B
WLS;GATM;PIGM
CYP4V2;BRD1;SLC35B4
MTRR;SFXN1;STXBP5
ZMAT1;STK10;RUNX1
GALNT11;RP11-160N1.10;NKTR
KLHL20;LRIG2;RPS6KB1
C17orf54;RTN4R;CELF5
FAM57A;CDC42BPA;MCTP2
LOC374491;DCX;STK38L
GIN1;MEF2D;KIAA1328
SLC35D2;S100PBP;TMEM220
PMPCB;HNRNPA3;ACTR1A
TYRO3;MIB1;C14orf143
NRG3;AKAP10;FAM73B
PDCD2L;OMG;C19orf62
RYK;LHFPL2;ZFAND5
TSPAN6;SDCCAG3;CCDC52
LOC126536;ZCCHC4;BRAP
FCRLB;SLC35A3;DTWD1
YWHAQ;PIK3CD;RARRES1
LOC100128682;CADM2;AP3S1
ZNF200;FAM133A;TRIM38
NEFL;ATF1;RBMX
ZNF148;WDR70;LYN
ASF1A;FAM179B;C1orf173
CNTN5;SLC38A2;PITPNM3
CCNY;PCNXL2;ZNF567
LRRC8D;RAB7A;MYBL2
SEC24C;GRM3;TMEM56
EED;CEACAM1;FAM115C
CBX1;HSPA4L;C9orf93
C15orf48;LYST;NT5E
TET3;YPEL5;RNF144B
MMGT1;DCBLD1;PRPF40A
SHMT1;LPHN3;LOC338651
STRN3;SNX10;CELF3
FKBP1A;RIMBP2;PDCD2L
PSIP1;MAP3K7;CCNY
LNX1;HOXA2;RANBP2
DSE;PTGER3;LPHN3
DAZ3;AVEN;NADK
SNORA11C;CAT;ITGB3
EBF3;ATF7IP2;PDE5A
C21orf105;FUCA1;ST6GAL2
NEK4;ELOVL6;PIGX
RANBP2;ILDR2;NCEH1
SLC45A2;SRP14;SFTPA1
SCRN3;SDAD1;ERMAP
RCN2;RIMKLB;ZBTB39
RARG;PANX1;CMAS
HNRNPM;GRK6;RRAGD
CDH6;STC1;FAM119B
SYP;PKNOX2;ZRANB2
KBTBD11;GPR180;EEF1A1
LPHN3;DLD;TXNL1
DUSP11;TCERG1;YPEL5
RAP2C;DNAJC15;NUDT12
DLEU2L;PPP1R2;MON2
YAP1;C9orf41;RNF114
RPRD1A;DACT1;SEC11C
ART3;SPTSSB;TP53BP2
ETV3;HCAR3;PATL1
RNF122;CHMP2B;TMTC1
GRHL1;HOOK3;SLCO6A1
LOC284749;PLEKHA6;PGM3
PTP4A1;PTGDR;IL7
LIMCH1;SAP30;FAM19A2
C15orf21;RIOK3;SOCS1
RPS6KC1;SNX1;PRPF4B
NADK;CARF;FLJ39639
ITGB3;GPR156;MIA3
CD6;ZNF827;CASP3
FAP;CEP170;ODZ3
SLC17A6;MXRA5;PPP1R9A
FIP1L1;TRIM36;TDRKH
PPP4R4;AQR;EPB41L2
MCOLN3;CCP110;KLHL4
THEMIS;;PCGF5
HADHB;;TET1
CDK12;;AASDHPPT
REV1;;TAF6L
TMEM229A;;ZSCAN29
LMBR1;;EMB
UGDH;;ABHD1
EYS;;ALKBH8
CEP135;;PKNOX1
HECTD2;;PREPL
GREB1;;SOX4
YTHDF2;;GALNT10
SATB2;;NUDT16P1
CLUAP1;;SH2D1B
MYO1C;;NBPF3
MAEL;;MED6
MUC17;;WDR1
MBTPS2;;BRD3
DEPDC1B;;SNX33
HNRNPC;;ZBED1
VEGFA;;CLCA3P
RGPD5;;GOLT1B
ACTBL2;;APBA1
CTSL1;;ZNF746
EXD2;;CBFB
SKP1;;KIAA0355
VEGFC;;PITPNM2
SLC18A2;;U2AF1
B4GALT4;;EXTL2
SCN4B;;SERPINB3
HDAC9;;CEP76
BUB3;;RAPGEF4
CYB561;;IRS1
TAB2;;PWP1
LOC554223;;C7orf43
SPRY2;;RNF165
C5orf28;;MS4A7
VAPA;;SH3GLB1
NKRF;;HOXA13
CELF2;;YES1
PDE6H;;C1orf135
ZC3H6;;VPS41
HAT1;;IFNA16
TMEM121;;LRRTM2
SGK1;;KCTD8
RER1;;ZNF208
CACHD1;;MESDC2
PIBF1;;ACER3
QKI;;FAM104A
NR6A1;;COQ9
SPTBN1;;KIAA0408
FGL2;;RBPMS
RNF44;;GNPDA2
AP4S1;;LRRC8B
C1orf101;;NRK
LOC145837;;RFX7
RRAD;;ZNF711
PLS3;;RPL27A
ZNF238;;NEFM
UBXN7;;PYROXD1
Mar-07;;SFRS13A
ZNF528;;ERMN
LOC647309;;LOC440419
ZMYM1;;GAPVD1
MBL2;;AP1S3
BMI1;;SNAI2
JMJD1C;;RPS6KA2
KLHL13;;FLJ41484
GIMAP4;;RGNEF
NOL8;;UCP3
PDE5A;;VKORC1L1
CHIC2;;FBXL14
ZNF585B;;ZFY
ST6GAL2;;MNS1
IFT74;;ESCO2
LOC642597;;ATG12
LRRFIP2;;ZBTB6
C18orf34;;NBPF9
MFAP3;;C6orf174
RIMS1;;FLJ43963
PIGX;;CACNB4
MGC11082;;PLA2G4D
NCEH1;;SYNE2
EDAR;;SEC16B
FBXL3;;TLE1
GRPEL2;;RAB41
CAT;;OSTM1
TSPYL2;;HECW1
AGPAT9;;NLGN1
TBRG1;;TFDP1
VPS13C;;STX2
HIP1;;PIK3R2
SFRS18;;TMTC3
LRP11;;RTN4R
WHAMML2;;NOTCH2
CD274;;USP45
POLK;;GLT1D1
C1orf99;;TMED10P1
PPP2CA;;PAPOLA
SFTPA1;;MGC31957
VPS37A;;C4orf3
RIOK1;;CHD7
NMD3;;FCN1
CORIN;;WDR7
C3orf56;;FUCA1
TMEM170A;;ZBTB7A
PRC1;;B3GALNT2
ING3;;ACAP2
DSG2;;FOXG1
SEC24B;;FHL5
SLC37A1;;ADAM12
KDM2B;;FRMPD1
KLHL28;;SCN1A
AGBL1;;ZNF608
ZNF385B;;SOCS3
PRY;;TALDO1
DUSP7;;GATA5
STAG1;;RSAD2
MEF2A;;RFX6
GNG10;;ATG2B
DDX60L;;C2orf55
SLC35F5;;POM121C
ZNF274;;MOBKL2B
ZSCAN18;;ABCA17P
ERMAP;;TTC17
C17orf98;;KCTD7
RAB1A;;ADAMTS3
TRAPPC2;;KIAA1632
CYLD;;CDHR1
KDELC2;;PHF20
RAB14;;ARHGAP29
OR1J2;;RIC3
PHACTR3;;RIMBP2
DCUN1D5;;ZSCAN12P1
GNAI1;;KRTAP1-5
TSPYL6;;CAMK2N1
AZIN1;;AGAP9
SLC5A1;;FAM48A
C20orf112;;GOLGA1
BCL2L15;;LOC348120
IRF2BP2;;TECRL
ASAP2;;CD151
ZBTB39;;C11orf92
KLF5;;ME1
HSFY1;;PPP3R1
CMAS;;C10orf90
STAG2;;NCRNA00171
CCDC92;;DNM1L
RBM12;;SCAMP1
MUC20;;RGPD8
IFNA21;;ARL4A
ZSWIM5;;CCNJL
ZNF507;;PPP1R14C
ARID1A;;LASS3
APC;;MLL3
PDIA5;;KDM4C
RASA1;;BCL2L1
SLC44A3;;CLASP1
C9orf125;;RARB
C14orf39;;SPAST
TMEM14C;;MYEF2
RRAGD;;HCLS1
USP48;;PLEKHB2
KLHDC10;;SPIRE1
SMAP2;;CAMKK2
MMP21;;FAM133B
SLC25A21;;CECR2
LRRK1;;MRPL22
PALMD;;ARHGAP28
FBXL16;;PPFIA1
ANKRD20B;;CCNA1
UNC5C;;SCN9A
SCARF1;;GBP1
SLC39A8;;MFSD6
MBLAC2;;LYPLAL1
ZNF823;;GCH1
ADPRH;;GTF2H1
FBXO8;;RAP2C
VCAM1;;HNRNPC
MRPL42;;RGPD5
RCBTB2;;PPP2CA
ZNF318;;PRC1
RFPL3;;STAG2
TPD52L1;;C9orf125
C6orf167;;MMP21
USP46;;UNC5C
PABPC5;;MMP19
LONRF1;;RGPD6
FAM119B;;SUCLG2
PTPRM;;GOLGA4
PTBP2;;FBXO21
IFT57;;CCDC6
DLGAP1;;FAM73A
ZRANB2;;SOS1
MMP19;;EML1
BPIL2;;FCER1G
NUPL1;;LOC441454
KDELR3;;NOS3
ANAPC1;;PARP11
GTF2E2;;OSBP2
METAP2;;C14orf138
EEF1A1;;XPNPEP1
SFRS11;;ZNF232
CCDC18;;PAK7
SYT4;;OR7E5P
RPP40;;EBAG9
ZYG11B;;CCPG1
BBC3;;EIF2C2
PSMA2;;DKFZP686I15217
RGPD6;;HOOK1
SLC25A36;;CYP2U1
TRPC6;;TMEM87A
NFAT5;;GLP1R
SUCLG2;;ERRFI1
TMEM207;;C7orf45
NDEL1;;NTRK3
EIF2C3;;BCL2L14
C17orf104;;TNFRSF19
OPN5;;ZDBF2
RNF220;;ZIK1
C17orf56;;ADAMTS9
SRCIN1;;TM6SF2
LYSMD1;;HS6ST2
COBL;;TMEM70
DKFZP434H168;;USP47
RGL1;;NAALADL2
TXNL1;;LIN52
FRMD3;;CCL16
PARP15;;C14orf106
GCFC1;;DNAJC3
TMEM67;;AVEN
SV2A;;CCDC144A
ARHGAP11A;;AHNAK
LAMA1;;FAM123B
REXO2;;EN2
FAM40A;;RNASE13
RANBP3L;;KDM3A
EIF5;;DDX52
ADH1A;;TIMM17A
LEFTY1;;HIVEP1
ZNF252;;MOCS3
TIGIT;;FLJ41278
PGM2L1;;LIN28B
TRAPPC6B;;AKAP10
PRKG2;;CREB1
GLCCI1;;FLJ26245
GOLGA4;;MGAT2
UNKL;;CHORDC1
PITX2;;FRMPD4
ATF7IP;;FABP7
RAB10;;CHIC1
OAT;;AIDA
C5orf41;;NFIA
ELAVL3;;PTGS1
YPEL5;;NCAM1
DOCK5;;KLF10
KITLG;;LOC100128505
PCYOX1;;BRD1
NPY5R;;WDR44
C12orf56;;RAD23B
TEX14;;EIF2B1
NDST3;;TTLL12
MYO16;;ABCC10
BCL11B;;FRK
PPM1B;;BTBD1
GPR180;;CAMK2D
MCF2L;;ARL8B
APLP2;;RAB4B
MRPL18;;MYD88
EPHB2;;RRP1B
SLC4A1AP;;NEK1
SFRS15;;ARFGEF1
NUDT12;;GALNT13
DIP2B;;STXBP1
RGS22;;KIAA1024
EXOC4;;ZDHHC14
MTMR15;;NRBP1
MON2;;GPR124
BEND7;;AWAT2
RGS2;;CREM
ADAM22;;LMOD3
LPPR4;;FAM151B
LOC203107;;RUNDC3B
OSR2;;SEC23IP
SOS2;;C17orf54
RPS7;;SNORA11C
CSNK1A1;;VAPA
FBXO21;;MFAP3
SH2B3;;HIP1
LOC400622;;ZSCAN18
CCT6A;;ZNF318
ADAMTSL5;;ZNF133
ATG5;;BEX1
INCENP;;ASB2
RNF114;;CUL2
SH3GL2;;JAK1
SET;;TMEM30A
RAB27A;;YIPF5
METT5D1;;LOC253039
ZNF133;;CTDSPL2
C16orf46;;LOC440131
SECISBP2L;;KIAA1522
SHOC2;;C3orf58
MYCL1;;NEIL2
TMEM79;;CNKSR2
ZFP36L2;;CRCP
SLITRK4;;SLC38A2
PAAF1;;LRRK2
MIER3;;DPY19L1
SERINC3;;NPAS2
LIMS1;;C4orf31
PPM1L;;RAB39B
LRRC42;;TTLL2
SEC11C;;KDM5B
XPR1;;SLC25A34
CCDC6;;FAM23B
NT5C3;;RNF169
MTA1;;RECQL5
BTF3;;SNORA11D
GON4L;;B3GNT6
RSRC1;;ERO1LB
TAF12;;PIK3R4
TP53BP2;;PSMD5
TCTE3;;RASD1
PRDM5;;MRPS22
C14orf49;;VLDLR
RAPGEF6;;TRPS1
TFB2M;;FGD5
ZBTB43;;C12orf23
NECAP1;;SCD5
FZD3;;IAH1
ACP2;;WDFY2
BEX1;;TMEM64
TRA2B;;USO1
CYB5R2;;CYP19A1
PPP1R2P3;;SYT9
FAM46A;;FAM23A
LOC283914;;RNF157
C7orf60;;ANO4
TNFSF9;;ATP6V0A2
AMOT;;CAPZA1
FGF23;;AP3M2
NKAIN2;;FAM133A
SERPINI1;;ITIH5L
ASZ1;;SSH2
ADRA2B;;ARHGAP10
FAM73A;;AFG3L1
PATL1;;ATAD2B
KIAA0101;;LRRC8C
TMCC1;;CABYR
DNAJC25;;NAP1L3
B3GALTL;;EPHA3
SOS1;;DPY19L2
SKIV2L2;;LOC654433
Sep-06;;COL1A2
NLRP3;;PRRT2
FAM49A;;ABHD4
GRK5;;FAU
ATG4C;;BRIX1
TMTC1;;TNXB
PSMD10;;RNFT1
GCOM1;;ADRB1
SLC35F3;;KHNYN
C17orf71;;PRKAR1A
ZMPSTE24;;P4HA2
RUFY3;;PDE4D
MARK1;;FAM179B
SCAPER;;SNX30
LPCAT2;;AP2A1
HABP4;;C10orf118
FAM192A;;GNPDA1
CATSPERG;;C21orf91
AMMECR1;;DCBLD1
RPAP2;;CD300LG
CLEC5A;;C3orf59
NMI;;HNF4G
SLCO6A1;;NBR1
GTPBP10;;ZNF260
ZNF334;;FRZB
DNAJC13;;PDS5B
SP2;;ZNF566
UGT2A3;;TIMM23
MICAL2;;TC2N
WIPF1;;LYSMD3
VPS4B;;RPGRIP1L
OVOL1;;CBWD5
TLR3;;CCDC144NL
SLC11A2;;KTELC1
GUCY1B3;;ZCCHC6
RAB28;;LOC339240
MARCKS;;DIP2C
PGM3;;SOX12
IL7;;MUC17
LOC340113;;TMEM121
ELL2;;RRAD
ZDHHC17;;C18orf34
PTPRC;;C1orf99
FAM19A2;;KDELC2
SCP2;;SLC25A36
CCDC148;;LYSMD1
RPAP3;;EXOC4
ZNF473;;SH3GL2
SOCS1;;LRRC42
PRPF4B;;TRIM31
ATAD2;;ATP8A2
SFI1;;HTR4
ASB2;;FAM153A
CDH8;;FAM20A
SLC7A6;;EBF2
IL15;;NRP2
CAPN5;;SLC39A10
ACAD11;;TSGA14
DSEL;;TP53INP1
TEC;;FOXA2
ALDH6A1;;PRKRIR
MYO18A;;GAB1
TRIM31;;RBM26
DR1;;H3F3C
C13orf18;;C8orf44
FLJ39639;;LOC162632
C22orf30;;SUPT3H
MIA3;;TMEM35
CEPT1;;CCDC34
DPYS;;FYTTD1
PPAPDC1B;;FAM13B
LBR;;C11orf21
ZNF747;;CBWD1
E2F7;;SAP30BP
S100A7A;;EPN2
DNAH7;;TMEM168
IRF2;;LOC677759
MMP14;;C6orf225
NCKAP5;;TNXA
UPRT;;ZFAND1
GM2A;;ALG2
PROCR;;CREG1
GBP5;;CA13
PDCD10;;KIAA1430
IFT88;;TRIM61
SPAG16;;HERC3
CSAD;;PPEF2
CASP3;;EDC3
STEAP1;;C5orf44
PEX14;;SDC2
USP37;;RALGAPA1
KCTD12;;STAU2
TMEM182;;DAG1
SOAT2;;LOC440248
MTHFD1;;TMED2
C13orf15;;IREB2
SH3BGRL;;CFDP1
MYBL1;;ACSM2A
TMEM133;;TMEM107
TNKS;;C10orf25
PDLIM4;;WIPF1
RAB11A;;MTHFD1
QRFPR;;ZNF551
APOBEC3H;;SNORA11B
SLC41A2;;LOC401093
DCN;;KIAA1244
DNMBP;;LAMC3
WNK1;;CWC15
CNTNAP3B;;C10orf76
UTY;;PTGIS
SLC6A3;;JOSD1
RSPH3;;CHMP4B
REG1B;;PCGF3
ZMAT4;;MBP
CUL2;;C5orf43
RGS21;;OBSCN
PRKG1;;SNORA11
SLC3A1;;GNPTAB
IQSEC1;;LARP4
IL12B;;MBNL3
ALG9;;SLC6A9
MYL12B;;ABL1
ODZ3;;FBXO28
C8orf45;;MSI2
PPARG;;SATB1
AMOTL2;;ESRRG
FCHO2;;MTSS1
ATP8A2;;CD2AP
SENP7;;SIGLEC8
PPP1R9A;;BAHD1
SNAI1;;PPP1R12A
ZCCHC10;;EPB41L5
SIKE1;;NPR3
RHEBL1;;COL4A3BP
MRPL49;;LDHAL6A
HTR4;;PTPRD
TMC8;;URGCP
EML1;;SH3BP5L
DBF4;;RAB23
ZNF549;;MLL
PIWIL3;;GLS
JAK1;;LOC29034
FAM153A;;DNPEP
TBC1D2B;;PLIN1
CCNT2;;MGEA5
OSBPL1A;;C6orf201
TXNDC5;;SMNDC1
AR;;UPK1B
CHD6;;DNMT3B
TMEM30A;;MAP3K15
RBM8A;;ARMC7
CDCA4;;LEPR
HSD17B12;;UBE2J2
FBXW8;;PLA2G12A
FRS2;;KCNG4
GTF2IRD2;;NFYB
HULC;;ELF1
CAMK4;;MPP7
SC5DL;;MATR3
USP42;;KCNH5
APIP;;PLEKHA7
MIA2;;BCOR
UBE2E3;;EIF1AY
SEMA6D;;AFAP1L2
BPTF;;YME1L1
ARMCX3;;ZNF148
CCL19;;PPP4R4
USP19;;MBTPS2
ZPBP2;;FGL2
HRASLS5;;LOC647309
RELL1;;KLHL13
TRIM32;;STAG1
TDRKH;;DDX60L
JARID2;;CYLD
FCER1G;;RAB14
RRM2;;RPP40
DNAJC28;;GCFC1
EPB41L2;;EIF5
WDR20;;NDST3
RAB7A;;MCF2L
YIPF5;;MTA1
ANKS6;;C7orf60
RAD9B;;ADRA2B
NIPBL;;ZNF473
FBXO38;;S100A7A
GALNT4;;UPRT
TSHZ3;;PEX14
TCTN3;;FCHO2
PCDH11Y;;CCNT2
MAP3K1;;TXNDC5
KIAA1147;;SYPL1
EEPD1;;IKBIP
LOC441454;;ASFMR1
MIER2;;USP6
SIAH1;;OCRL
REXO4;;IL25
PAPD5;;SLC6A15
UBR7;;BAGE
ETNK2;;ANUBL1
FAM20A;;ERCC4
CNTNAP3;;NCRNA00115
SORCS1;;SLC25A37
ARL14;;GOLPH3
MOCS1;;NHS
RIBC1;;C8orf4
ANKRD30B;;CD96
KLHL4;;CYP24A1
MYH10;;TSGA10
PAQR5;;TTLL7
C15orf17;;PLSCR5
TMEM215;;PAIP2
IL9;;ZNF547
FLJ26850;;FBN2
TUBB3;;ZNF337
FAM199X;;NCRNA00219
ARL10;;ITPK1
ALS2CR11;;GMCL1L
CSGALNACT1;;STX12
PER2;;SLC38A6
SYPL1;;BEST4
PCGF5;;CUL4B
FAM156B;;POLDIP2
NOS3;;CLASP2
TET1;;TOMM5
C1orf129;;BEND7
HOMER1;;PSMD7
ZNF828;;C16orf87
BEAN;;C4orf46
TBC1D15;;KCTD16
DHRS4L2;;SMARCD1
SLC4A7;;IGF2R
AASDHPPT;;SLC35F1
ZNF544;;MYPN
SOCS2;;FAM13A
IKBIP;;YPEL2
TNRC6A;;SSTR2
C4orf42;;TRIM27
GTF2IRD1;;FZD10
PLAG1;;C11orf58
JPH1;;MPZ
FAM131A;;PSMD9
FRG2;;ZNF451
SMAD5;;TBX5
TAF6L;;C10orf4
PPP3CB;;RAB38
MBD5;;FKBP3
METTL9;;MAST3
SAFB;;QSOX2
PARP11;;MXRA5
TMEM100;;STARD9
BCAP29;;LRP1
COG3;;FUT4
NMNAT2;;ZFC3H1
VAV3;;DEFB132
PPP1R3B;;NANP
TMEM55A;;ZNF680
AKIRIN1;;CYYR1
CDC42SE1;;PM20D2
HECW2;;FOXP2
MED28;;PTS
DHODH;;PELO
BDP1;;SLC9A4
EBF2;;TM4SF1
SSTR1;;IL1F5
SSBP2;;LOC400027
PKNOX2;;TMEM99
ATM;;LRRC19
SHISA9;;GMEB2
ZNF624;;ZNF529
TULP4;;ZMYND8
PTGER2;;OR12D3
HCN3;;YWHAZ
TMEM87B;;TRIM10
SMARCA5;;ENTPD1
LOC253039;;SPG20
SRP54;;TFAP2A
DNAJB14;;KIAA1949
ANP32A;;FAM83F
SEMA6B;;AFF1
C21orf99;;C12orf48
C14orf118;;NPAS3
COPS2;;SWAP70
PPAT;;GPR155
ZNF345;;CECR1
PLIN3;;STAU1
TP63;;KPNA6
HDAC8;;RAB2B
LOC150786;;GRIA2
TTC33;;ARL13B
BANK1;;CALD1
NRP2;;FCRL1
VPS29;;NAP1L1
SP4;;PCGF6
COL29A1;;RECK
SKAP2;;SCN3A
KIAA1211;;EPB41L4B
PLCH1;;TPMT
UBE2J1;;HNRPLL
FSTL5;;EPHA7
YPEL2;;CCDC135
GPC6;;ZNF585A
MIS12;;SETD3
SLC22A23;;SIX4
UMODL1;;PPP2R5E
NPC2;;MRI1
KIAA1279;;DACH2
RP2;;VAT1
GNAQ;;RALGDS
C14orf129;;LOC158572
GMFB;;SLC4A8
ZSCAN29;;A2BP1
OSBP2;;GRM3
PDAP1;;CRISPLD1
RNF146;;TRERF1
PATZ1;;DLX1
PDE7A;;APBB2
BPNT1;;ALDH2
NOTCH2NL;;LOC100133029
RDH14;;HIC2
SLC39A10;;CALU
FKSG83;;PLEKHO2
TSGA14;;LOC643327
DZIP3;;SEMA6A
LRRC37B2;;UBE2I
CCDC36;;POLI
PAIP1;;RCAN1
SLC6A14;;UBE2D3
CELF4;;SRPR
COMT;;CCDC14
CRYGN;;P2RY10
CCDC82;;CDCA8
CCPG1;;ZNF286A
WNT2B;;RNF103
PODXL;;COL13A1
CTDSPL2;;OLFML2B
BTG3;;IL28RA
TP53INP1;;MPPED1
KBTBD8;;SLC5A11
ASFMR1;;FAM69A
LATS2;;KIAA2026
WDR78;;BID
DOLPP1;;TSPAN8
LOC400696;;FRMD6
PRCP;;HEATR5A
SLC35C1;;RAP1B
APH1B;;CBS
USP9X;;DNMT3A
USP6;;FAM110B
HSPA5;;CLDN12
DDX4;;ATP11C
RPN2;;RHEB
C9orf103;;CCDC97
C1orf27;;VIPR1
LOC285419;;MTHFSD
MRPS14;;KPNB1
GNA14;;FLJ30838
LOC100286844;;RRN3
TMEM126B;;SAE1
ETAA1;;PLXNA2
FLVCR2;;DCAF5
PSG11;;DSP
DNAJC7;;RPL10L
OCRL;;FCGR2B
EMB;;RHD
LIN28A;;ZBTB38
NOX1;;RNF182
ABHD1;;DGKD
ALKBH8;;TREML4
ATL1;;KLHL24
C8orf83;;C10orf26
ZC3H7A;;ABCD2
KRT222;;NCRNA00119
TNFSF11;;PGM1
KIAA1919;;CALCR
LOC284889;;TRPM7
MNT;;ZFAND6
REEP1;;Mar-05
IQCH;;SLC30A5
CDC42;;SCYL3
USP14;;INTU
POLR2A;;LOC400804
SLK;;PXK
IL25;;TIAF1
NCOR2;;PPAPDC2
LRRC3;;FAM26D
DTNB;;MAGI2
KBTBD10;;SLC12A6
SLC16A10;;C12orf29
WTAP;;SOX13
EMCN;;DNAJC21
LOC440131;;NAP1L2
SLC6A15;;SAPS3
EP300;;IL1RAPL2
KCND2;;MOBP
RAB8A;;HDAC5
HCFC2;;ESPN
MPL;;ALG6
RTKN2;;POLE3
OPTN;;MTF2
KIAA1522;;PIK3CD
RUFY2;;CALB2
SLCO3A1;;PFN2
CXCL13;;SDK2
EWSR1;;DCAF4L2
GDE1;;RAPGEF2
FNBP1L;;SMARCE1
GPM6B;;C21orf105
BNC1;;NEK4
MTBP;;SCRN3
TLL2;;RARG
MORC1;;HNRNPM
PKNOX1;;SYP
CEP152;;LOC284749
SLC24A1;;FAP
LOC400940;;CLUAP1
C3orf58;;MYO1C
LAMB4;;ACTBL2
C14orf138;;CACHD1
PXT1;;LOC145837
BAGE;;UBXN7
REEP3;;TBRG1
TBC1D20;;VPS13C
FIGNL1;;WHAMML2
WSB1;;TSPYL6
PREPL;;BCL2L15
UBE2E2;;MUC20
TMEM69;;KLHDC10
FOXA2;;ZCCHC11
OR2C3;;NDEL1
PANX1;;C17orf56
GALNT2;;DKFZP434H168
FREM2;;RGL1
EXT1;;ARHGAP11A
PLS1;;NPY5R
KCNB2;;LARP1B
NDUFAB1;;DIP2B
CD38;;MTMR15
C9;;ADAM22
SOX4;;SH2B3
FRG1B;;ADAMTSL5
TXNDC12;;METT5D1
CD99;;TMEM79
SCEL;;ZFP36L2
RNF7;;C14orf49
CTNND2;;FZD3
WDFY3;;CYB5R2
JAZF1;;KIAA0101
CDHR3;;NLRP3
MIB1;;HABP4
ITGB3BP;;CLEC5A
EXOSC3;;DNAJC13
CADPS;;OVOL1
TMEM86A;;ZDHHC17
SLCO1B1;;SLC7A6
UBA3;;MYO18A
DCAF8L1;;PPAPDC1B
OMG;;CSAD
DYNLL2;;STEAP1
EML4;;RAB11A
ARHGEF6;;SIKE1
LOC255187;;DBF4
GPRC5C;;HSD17B12
HELLS;;DNAJC28
NEIL2;;ANKS6
UBQLN4;;RAD9B
KLF9;;GALNT4
GALNT10;;MIER2
PKIB;;MOCS1
STK35;;MYH10
CAMTA1;;PAQR5
PCDH17;;C15orf17
FMR1;;C1orf129
YTHDC2;;TBC1D15
RBM3;;SLC4A7
MAP9;;ZNF544
TPBG;;AKIRIN1
THRAP3;;CDC42SE1
FAM81B;;BDP1
TTC39A;;TULP4
C12orf61;;PTGER2
NIPSNAP3B;;HCN3
SFRS13A;;SMARCA5
PRKRIR;;DNAJB14
ADCYAP1;;ANP32A
TRDMT1;;SEMA6B
ERCC4;;COPS2
ADCY7;;PLIN3
C10orf18;;TTC33
RPA1;;FLJ43390
ARID4A;;PDAP1
SFRS9;;NOTCH2NL
CNKSR2;;LOC100286844
CXorf23;;KIAA1919
XPNPEP1;;LRRC3
IL17RB;;KCND2
MAP3K7;;RAB8A
MARVELD2;;MPL
NCRNA00115;;GDE1
SLC25A37;;BNC1
MAP4K4;;LOC400940
IFNAR2;;FRG1B
TAOK1;;CTNND2
NTF3;;UBA3
ZNF488;;DCAF8L1
KAL1;;EML4
NCK2;;MAP9
SSB;;SNAPIN
ANKRD57;;ATR
SLC44A5;;SEC63
OCA2;;NDUFA5
SLITRK3;;TPRG1
SCYL2;;PPIL3
CRCP;;KIF11
EFCAB6;;C1orf52
NUDT16P1;;NRXN3
ZNF281;;TSEN15
GOLGA8B;;ARHGEF12
IKZF5;;EHF
CCBE1;;PCNA
UEVLD;;MUT
CD109;;DHX40
ZFYVE26;;KCNMB2
SH2D1B;;EFNA3
SPA17;;EIF2C1
ZKSCAN2;;SGCB
TMEM185B;;MTMR9
ZKSCAN3;;PABPC1L2A
OXR1;;EHMT1
GLT25D2;;PAWR
STAT2;;ADAM19
VPS13B;;BHLHE40
TNFSF8;;MYO5A
ATAD5;;GUCY2C
ITGA5;;C1orf26
C5orf53;;GTF2E1
TCF4;;MYO1H
TRNT1;;CRNKL1
WNK3;;TMEM181
TRPM6;;ARHGAP26
PARD6B;;SNX18
MTHFD2L;;PCDH9
FUNDC1;;LUZP2
ALPK2;;DHRS1
KLHL5;;GNAS
PPP3R2;;DET1
WDR61;;ZFYVE28
FAM189A2;;ITGA4
LOC728855;;DDAH1
SNAPIN;;DNAJB6
NBPF3;;MGC12916
ATR;;CA10
RTN1;;CNTD1
TMEM170B;;CYP3A5
MED6;;ZCRB1
WDR1;;CCNF
AFF3;;DOCK10
ATP7A;;ZBTB41
ANO3;;LHFPL2
CFHR5;;C2orf58
RLN2;;MYL1
GAB1;;C2orf67
SEC63;;PON2
SYT9;;LOC728392
NDUFA5;;SLC7A10
ERG;;AGPS
LOC727896;;PGM2
PGAM4;;LOC645323
ZNF644;;E2F3
TPRG1;;VPS36
SLC38A2;;RSAD1
PIAS1;;IFFO2
NT5DC1;;SLC22A23
LRRK2;;DEPDC4
ZNRF3;;SGMS2
LMLN;;IFIT1B
GRID1;;AP1AR
DPY19L1;;TAB2
STAC;;ATP2B1
PPIL3;;CYB5B
ZNF232;;TUBGCP4
CSN1S1;;MTCH2
KIF11;;C8orf34
C1orf52;;Mar-06
TADA1;;OXNAD1
PTPN22;;TYRP1
GOLPH3;;ARCN1
NRXN3;;C7orf63
TSEN15;;EIF2S1
EPC2;;SORCS3
PIGL;;LOC283585
COG2;;ADARB1
LOC100129620;;PPARGC1A
MAL2;;NEBL
ARHGEF12;;PAQR9
POP1;;DNAJC16
CNOT2;;SFRS2IP
HLA-L;;MID2
NPAS2;;PNPT1
SLC35A5;;C8orf42
SNX6;;DLL4
CLNS1A;;PIP4K2A
ZNF214;;ALS2
BIVM;;CPNE3
NUFIP1;;NIPSNAP3A
EHF;;RAPH1
GAGE1;;BEND3
PCDH19;;OTUD6B
BRD3;;LOC642236
IQGAP2;;C3orf57
RBM26;;RNF213
RMST;;LRRC40
BUB1;;PABPC1L2B
NHS;;PDXDC1
CMTM8;;RIC8B
HHIPL1;;PKHD1L1
NKAIN1;;CRP
PAK7;;PLEKHM3
OR7E5P;;NF1
C11orf61;;HOXA11
MUT;;MGST2
SNX33;;C8orf76
PNN;;CCDC43
C4orf29;;LOC285359
LRCH2;;NPEPPS
DHX40;;GNB4
FNDC3A;;ZNF286B
ADC;;CAMK2N2
USP16;;GABRA5
TSPAN12;;FBXL17
EBAG9;;GAN
PEX3;;PRDM13
LPPR5;;TRIM2
ZBED1;;ECT2L
CLOCK;;PPID
DLGAP4;;SLC23A2
EIF2C2;;TP53INP2
S1PR3;;SDAD1
May-01;;STK39
CISD1;;C18orf16
RHOBTB1;;STAT4
LOC100128554;;FAM136A
THOC2;;PNKD
ELOVL2;;PCM1
H3F3C;;CDC73
C8orf44;;FBXO45
KCNJ3;;KIAA1310
NR3C1;;MRPL46
ZIC5;;GCG
NHLH2;;TMCO4
ZNF688;;TRIM44
STK3;;SLC30A4
MIR34A;;H6PD
CLCA3P;;WDR26
MLXIP;;FNIP2
C4orf31;;UFM1
GPR125;;GPR19
ZNF295;;FAM46C
NAAA;;C1orf112
GOLT1B;;NCOA7
APBA1;;VENTXP7
LCLAT1;;MAP6
AHR;;MAP3K5
KCNMB2;;INTS6
SEC24A;;SLC46A2
AGR3;;CHD9
SIGMAR1;;SERPINF2
DENND3;;HMG20A
LASS6;;CHST2
EFNA3;;LHFPL3
LRRN1;;ARF4
PDZD2;;ADRA1D
GOT1;;LRRC16A
PEG10;;FAM102A
RABGAP1L;;RGS1
C20orf103;;EFHA2
HUWE1;;NEURL1B
EIF2C1;;KIAA1826
LYVE1;;SLC7A5
SGCB;;ASXL1
psiTPTE22;;ENPP4
TCHP;;LOC730811
MPZL2;;FDX1
MTMR9;;GOLT1A
EDNRB;;FLJ16124
C3orf33;;LYRM7
LAPTM4A;;LACTB
PDGFRA;;C14orf126
FXC1;;RBM42
DKFZP686I15217;;PLB1
BBS9;;FAM188A
FAM169B;;FAM126A
SLC38A7;;MAST4
MYCBP2;;GPR111
MMD;;WDR89
PDK4;;RPIA
HOOK1;;HDAC4
GAS8;;ADAM7
IMPAD1;;ITK
JAK2;;RWDD4A
CROT;;LOC285812
PABPC1L2A;;LOC150568
EHMT1;;FLJ10661
STXBP3;;USP34
GOSR1;;RALGPS1
C6orf118;;ABCB5
CDKAL1;;CSNK1G1
PSG5;;MPP5
ENOX2;;TRIAP1
AHI1;;IL17A
ZRANB3;;SUPT4H1
KCNK10;;RAP1BL
HEMGN;;SELS
RAB39B;;TMEM50B
FAM126B;;UBE2V2
NRSN1;;C12orf10
C8orf4;;ARPC5
UBE2G1;;SHISA3
PROX1;;SLC16A14
LOC162632;;CHKA
PAWR;;SIX1
LRRC58;;C6orf35
ZNF746;;TRMT5
CD96;;ACTR3C
DENND5B;;NDUFC2
CYP24A1;;NDUFA12
ADAM19;;CENPW
PPCS;;SYCP1
TRIP4;;KBTBD6
TSGA10;;TTC28
GZF1;;SEC62
CXorf58;;ADAMTS20
TOX;;PRKD3
NARG2;;C22orf32
ZNF720;;ZBTB11
RPTN;;TWISTNB
ZNF20;;PAPOLB
PAX3;;ZNF322A
SAMD4A;;WNT9B
OTUD4;;ZNF449
TNFRSF11B;;BCL10
NRXN1;;NLN
CDC14A;;C3orf65
C16orf62;;C22orf28
MTDH;;ACPL2
CUL3;;PTPRB
TPH1;;OAZ2
AKNAD1;;EHBP1
CAMK2G;;ATP8B4
NEUROD6;;LRRC7
PTPRZ1;;RTN4
SLC35E1;;ACTR3
ZNF678;;TRPC4
MRO;;ODZ2
CBFB;;SLC5A1
DGUOK;;SV2A
ERC2;;C16orf46
LOC728196;;TTC39A
RPAIN;;SLC44A5
WWP2;;ZNF281
CYP2U1;;NR3C1
SUPT3H;;CTCF
LOC729307;;RBBP5
FAM72D;;HNRNPA1
TMEM35;;COL15A1
KIAA0355;;DDX3X
EMP2;;TFAM
TTLL7;;CREBBP
VCL;;COBLL1
MAP2K6;;B3GALTL
C14orf28;;SH3BGRL
FOXD1;;RDH14
BHLHE40;;RBM3
NFX1;;PTPN22
SEPSECS;;NT5C1B
MYO5A;;SH3GL3
BHMT2;;BANP
TMEFF1;;TMEM196
PITPNM2;;CR1
PAPD4;;C20orf24
CNDP2;;HSPA2
CHD1;;KDM6A
TRDN;;NAA35
SNRPN;;PRNP
CYR61;;MSL2
SNX3;;ACSL4
SART3;;ABCA6
CHD2;;RGS7
MARS2;;HEY2
STC1;;UNC45B
TIMP2;;ANKRD26
ZCCHC24;;FAM13C
GUCY2C;;LYSMD2
SYNGAP1;;PROCR
TRAM1;;UTY
TTLL2;;CDCA4
RASA3;;WDR20
PLSCR5;;TSHZ3
SLC30A1;;METTL9
SV2B;;FNBP1L
SMG1;;PLA2G5
GLP1R;;ADAMTSL1
SYT17;;MYO1D
BBS10;;ZNF367
U2AF1;;STRAP
C5orf47;;TTC30A
C1orf26;;RGS11
DYNC1I1;;BAZ1B
EXTL2;;MAN1A1
CRISP1;;AG2
RIOK3;;C17orf97
SERPINB3;;CPT1A
ARHGAP15;;MAMDC2
LGI3;;HNRNPA0
KDM5B;;GPC3
Mar-08;;CALCB
ERRFI1;;ABCC6P1
SEMA4D;;SPSB1
SLC25A34;;ABCD3
CEP76;;ARID2
STAMBPL1;;CDH2
OSBPL11;;RDH5
PIGZ;;CYP4B1
GTF2E1;;MEST
POLA1;;UGP2
ATXN2;;EIF2AK3
RAPGEF4;;IFT80
ST8SIA4;;PNRC2
RBM15;;WLS
ESAM;;LOC374491
RIT2;;THEMIS
YY1;;SLC25A21
CCDC34;;SCP2
SOD2;;SLC16A10
FGF9;;PANX1
C7orf45;;NCK2
CENPA;;C5orf53
FYTTD1;;RTN1
SLC38A6;;ZNF678
ANKRD5;;C9orf156
KIAA1324L;;BBS5
C3orf1;;FERMT2
TMSB4X;;CTNNA1
IRS1;;NAV3
RNASE4;;RAI1
MAPRE1;;AP4E1
MYO1H;;TM4SF4
KPNA4;;XGPY2
CRNKL1;;GORAB
GXYLT1;;C17orf42
TAF4B;;MAGEH1
TMEM181;;MEOX2
BTBD7;;KIAA0528
CSDA;;MID1
ALDH1B1;;GRID2IP
SEC61G;;AKAP11
LRRTM1;;TDRD7
CHSY1;;C15orf41
ZKSCAN1;;TPH2
ARHGAP26;;MAPK10
EDIL3;;C12orf39
ZSCAN21;;FANCM
TANK;;TGFBI
SNX18;;ARID3B
ASCC3;;DOCK3
RIMS2;;FAM49B
SFRP2;;DDX20
ITSN2;;UBR5
FAM23B;;SFRS2
PWP1;;MTRR
C22orf40;;AP4S1
PCDH9;;Mar-07
ATRNL1;;AGPAT9
PLEKHA3;;TMEM207
TNPO1;;PPM1B
LUZP2;;RAB27A
RNF169;;ASZ1
MYLK;;RAB28
PRKCI;;CDH8
DHRS1;;SPAG16
NTRK3;;TMEM182
B3GNT5;;USP42
TAB3;;MIA2
ATG3;;FAM131A
LOC219688;;USP9X
FAM13B;;DYNLL2
RCBTB1;;FMR1
SLC14A2;;IKZF5
UBE2D2;;CCBE1
HEXA;;LOC100129620
FANCL;;THOC2
GLCE;;PSG5
BCL2L14;;NMD3
CADM2;;ITSN2
FIGN;;PLEKHA3
CPNE2;;NARS2
TMEM209;;FOXN2
KRTAP26-1;;TP53TG3
METTL13;;SENP8
UBE2W;;C12orf12
PAIP2;;CDC23
IDH1;;NUPL2
C7orf43;;RPGR
CLDN22;;RAG2
RNF135;;SIX6
ANKRD43;;DPYD
RRM2B;;KU-MEL-3
ATP9B;;RMND1
MACROD2;;ZBTB1
C11orf21;;SEMA3D
RNF17;;RBM46
C2orf65;;MBD2
FAM24A;;IMPG2
PDCD6IP;;C13orf1
HSPD1;;TRIO
CMTM4;;ACTR3B
RECQL5;;RPL23AP82
GNAS;;SMEK2
IL1A;;ARPP21
RNF165;;BRPF3
DET1;;C17orf57
EFCAB2;;BZRAP1
GALNT6;;PPP1R13L
FSHB;;NCOA2
SCLT1;;CORIN
TNRC6C;;RAB1A
DDHD2;;TRAPPC2
SLC30A10;;NPC2
C9orf72;;NTF3
ZC3H14;;ESRP2
RHCE;;CEP110
TNFRSF19;;ANP32B
ZNF547;;CGA
BECN1;;C1orf110
NEGR1;;TRAPPC2P1
TMEM183A;;TBX22
MDN1;;TOR1AIP2
VANGL1;;H3F3B
ZFYVE28;;NPAT
USP44;;ZFP161
KIAA1310;;NOVA1
LOC340094;;PGCP
ATP8B2;;C3orf15
PLA2G5;;C3orf34
CTCF;;CHSY3
FBXW10;;HEATR4
C7orf28B;;ETS2
KIAA1199;;CRLS1
ELAVL2;;ACBD3
MS4A7;;ROD1
CBWD1;;TEX12
DLG5;;MECOM
RNF160;;CYP3A4
SLC44A1;;COL6A3
SIPA1L2;;C19orf39
MTMR1;;TIAM2
G3BP1;;KERA
YWHAH;;KBTBD3
NT5C1B;;GIMAP4
C1QTNF3;;VCAM1
C3orf19;;TMEM55A
PDCD5;;SKAP2
SH3GLB1;;SLITRK3
WDR45L;;PARD6B
ITGA4;;RLN2
DDAH1;;NUFIP1
TRIM13;;LRRN1
DCUN1D3;;CADM2
KSR1;;G3BP1
FBN2;;PDCD5
GK2;;CDH11
TPO;;NOTCH1
ANKRD22;;JAG1
CDC42EP3;;PDC
CHI3L1;;SOX2
SNORA11D;;DACH1
SI;;MAGEB18
NDNL2;;ANAPC10
HOXA13;;C7orf41
SAP30BP;;CCL20
FAM161A;;THUMPD2
FAHD1;;NUP98
DNAJB6;;VTA1
C9orf156;;PMS2L5
ESRP2;;GALNT12
LIX1;;RBM44
TBC1D5;;COQ10B
APBB1IP;;GIPC2
DACT1;;FAM71F1
TICAM1;;GBE1
PFDN4;;MPHOSPH6
MGC12916;;EIF4G2
EPN2;;ABCC4
EPHB1;;CCNG1
RND3;;GRM7
DPYSL2;;RELN
B3GNT6;;PHF20L1
ANKRD62;;SMC2
CA10;;PECR
RBM33;;CYP2C9
GMEB1;;PGGT1B
ERO1LB;;MOBKL1A
ZNF337;;DONSON
ADAMTSL1;;NUP153
NCRNA00219;;ST18
ITPK1;;GALC
ATP5G3;;PFKFB2
PNPLA1;;RERE
HSF5;;C10orf119
DGKI;;GSK3B
PIK3R4;;SEC24B
BBS5;;OAT
CNTD1;;SERPINI1
CYP3A5;;AMMECR1
ZDBF2;;UBE2E3
PTHLH;;ALS2CR11
AZI2;;JAZF1
KCTD1;;ZNRF3
PSMD5;;CLNS1A
GYS2;;MARS2
SLC22A5;;WDR45L
LRRC9;;ATP2A2
MAML3;;DNAJC19
NARS2;;BLCAP
YES1;;C6orf57
PRMT6;;UQCRQ
ZCRB1;;CACNA1D
RSPO2;;RUNDC2C
ATP2A2;;TNPO1
PTP4A2;;SF3B1
CCNF;;C2orf80
TMEM20;;MTERFD1
RBMY1B;;TAF2
GATA6;;CAND1
SMEK1;;KHDRBS2
TTBK1;;IER5L
DSTYK;;CCNC
ZIK1;;ESM1
RHPN2;;SHISA5
C1orf135;;CNTN4
ADAMTS9;;PRRG1
ARX;;CDKN1C
SMARCD2;;PKDCC
FGF18;;AGTPBP1
MYO1D;;LRBA
ZNF510;;WHSC1
UBE2L3;;DHX9
ICK;;KIAA1033
C1orf14;;PAN3
NRP1;;DENND4A
TSPYL4;;WBSCR22
CYorf15A;;OSMR
QRICH1;;SCARNA15
DERA;;TMEM66
TACR1;;FPGT
KIAA1715;;ASF1A
DOCK10;;KBTBD11
ZBTB41;;DLEU2L
TMEM168;;ART3
FUBP3;;DCUN1D5
LHFPL2;;SCARF1
WDR3;;ZNF823
GPR88;;ANAPC1
LOC677759;;SLC4A1AP
C2orf58;;TAF12
C3orf55;;ATG4C
CDH11;;TLR3
FSTL4;;SFI1
ELOVL5;;SENP7
CCNK;;USP19
ZPLD1;;ZNF828
MYL1;;PPP3CB
FAM72B;;GPC6
C2orf67;;CXCL13
SLC30A8;;CEP152
NR1D2;;PLS1
NDUFS3;;YTHDC2
CCDC152;;CD109
SUV39H2;;ZKSCAN3
VPS41;;KLHL5
MUDENG;;LOC728855
PON2;;PIGL
PTGFRN;;C4orf29
ZBED5;;USP16
FERMT2;;AGR3
CNTN2;;STXBP3
LOC728392;;TNFRSF11B
CD44;;SLC35E1
KIF16B;;TRAM1
SETD7;;C5orf47
CCDC142;;CRISP1
TTC9;;ZSCAN21
IFNA16;;SFRP2
NOTCH1;;IDH1
USP15;;QRICH1
GMCL1L;;SOAT1
ZDHHC21;;FAM104B
DNAJC19;;DSTN
C4orf34;;ZMYM3
LRRC36;;CD164
MKL2;;TPTE
OTUD7B;;GDPD1
LRRTM2;;BTBD8
CTNNA1;;TMEM232
DCLK3;;GBP7
SLC7A10;;C4orf33
RASD1;;TM6SF1
ZNF275;;CUX2
KCTD8;;ABCB1
PI4K2B;;BBS7
AGPS;;MYO1B
CPE;;HRASLS2
PGM2;;GRIN2A
CRLF3;;SMEK3P
STX12;;FAM174A
C15orf29;;MAP2K1
C6orf225;;CCDC28B
DST;;ARV1
RBBP5;;C5orf36
LOC645323;;TBC1D23
C1orf227;;ASB7
E2F3;;SLC25A33
IFNA10;;ZMYM5
C3orf38;;KIAA1598
TRIL;;SGOL1
SEMA3A;;TTC39B
FOXN2;;SEZ6L
SOAT1;;LYPD6
MRPS36;;MYH15
SEMA4B;;FBXO25
C12orf51;;IL26
TM6SF2;;ZNF587
MAPK6;;IRS2
TMTC4;;SCGB2A2
GLRA3;;CHCHD3
RFC3;;NAA30
VPS36;;CSDE1
USP34;;RCN2
ZNF208;;CHIC2
CEP110;;RIMS1
HTRA3;;PHACTR3
RSAD1;;RUFY3
PNMA1;;C9
VPS26B;;FUNDC1
HSD17B6;;LPPR5
C1orf9;;AHI1
UGT1A6;;PTPRZ1
CASS4;;WWP2
R3HDM1;;NFX1
IFFO2;;YY1
MRPS22;;ALDH1B1
TNXA;;RNF17
MESDC2;;C1QTNF3
FLJ10357;;GK2
VLDLR;;CDC42EP3
SLC25A12;;PTP4A2
SLIT3;;TLK1
GKN2;;FOXR2
ABCA9;;RRAGB
ACER3;;RORB
GIMAP7;;PTMA
TRPS1;;HIAT1
FGD5;;FCRL4
NUDT7;;ZC3H15
TAF4;;PSAT1
MAGEB3;;PEX12
IL5RA;;C1orf101
LOC257358;;CALCA
RYBP;;GSG2
KLF8;;SCAND2
DEPDC4;;C1orf125
HS6ST2;;YEATS4
RAP2B;;MND1
SUZ12;;TOMM40
TMEM70;;EBPL
RPP30;;RAD23A
SGMS2;;CDYL
MRPL35;;MET
DNM3;;CCBL1
PTGDR;;E2F5
C9orf6;;NID1
CLTC;;FBXW11
FAM104A;;PROS1
PVT1;;POSTN
ZFAND1;;IGF2BP2
BLCAP;;EML5
YTHDC1;;FILIP1
IFIT1B;;TRIM15
NEU4;;TTC35
AP1AR;;LIPH
ALG2;;C1orf57
USP45;;TPTE2
FAM104B;;CABP4
RANBP10;;NPHP1
SSR3;;MPDZ
BEST4;;PDZRN3
NAV3;;GRXCR1
LOC283663;;PNPLA8
COQ9;;EMP1
FAM181A;;C7orf46
SF3B1;;TOM1L1
CNTNAP1;;ARL1
DSTN;;RFX8
USP47;;C1RL
ATP2B1;;SOX6
ZMYM3;;MIPOL1
CYB5B;;C1orf144
ZCCHC4;;CTH
KLHDC2;;GREB1
C6orf115;;VEGFA
JAG1;;PIBF1
EDN2;;PLS3
CD164;;RIOK1
TPTE;;PABPC5
KIAA0408;;GTF2E2
FEZF1;;FRMD3
CUL4B;;RANBP3L
TEX10;;TEX14
PKN2;;DNAJC25
RALGPS2;;SKIV2L2
KIAA1009;;SLC3A1
POLDIP2;;MYL12B
C12orf23;;FBXO38
RBPMS;;ARL14
CAPRIN2;;MBD5
PPIL4;;SRP54
GNPDA2;;BANK1
PRMT1;;WNT2B
RNF11;;LATS2
SCD5;;DDX4
IAH1;;MRPS14
GDPD1;;ETAA1
TUBGCP4;;PSG11
MTCH2;;ZC3H7A
CKAP2;;SLK
DOCK9;;EWSR1
FAM35B;;LAMB4
TCP11L2;;UBE2E2
ESF1;;EXT1
PDC;;ITGB3BP
C8orf34;;GPRC5C
Mar-06;;TRDMT1
RECQL;;SFRS9
FYCO1;;SCYL2
FBXO34;;TPD52L1
OXNAD1;;ATP7A
HMGN5;;TADA1
CLASP2;;ZNF295
TMEM14E;;NRXN1
TYRP1;;BBS10
ARCN1;;RIT2
FLJ44635;;RNASE4
UBE3C;;LRRTM1
KPNA3;;PDCD6IP
SLC30A2;;RBM33
BTBD8;;ZBED5
C15orf2;;MAPK6
C1QL1;;GIMAP7
MAMLD1;;IL5RA
TWF1;;SUZ12
JAG2;;HMGN5
LRRC8B;;AKIRIN2
MEF2D;;LOC100129055
NAALADL2;;SLC25A15
CXCL11;;LOC100270804
RPS13;;RANBP17
TP53TG3;;C5orf41
TOMM5;;FAM47A
WDFY2;;DDX26B
KRTAP20-3;;P4HA3
Mar-04;;GRIA3
C7orf57;;CLSTN2
NRK;;LHCGR
SEC23A;;FUCA2
SYNE1;;FNDC3B
C7orf63;;DNAJB12
TMEM64;;SUMO2
AKIRIN2;;ITGA1
PHF14;;TRPC1
GFM1;;GPATCH2
FLJ42393;;PDSS2
SENP8;;PSMC6
CISD2;;PAX9
LOC100129055;;CCNYL1
KIAA1467;;KLHL17
CCDC85A;;MYCN
ATG10;;MATN3
MED27;;POM121L8P
IL27;;SLC25A42
EIF2S1;;CTF1
PTGER3;;KIF5B
UBASH3B;;RUFY2
ZNF367;;RBMXL2
CREG1;;ADAMTS5
SORCS3;;RNF139
CLPX;;MFSD11
LOC283585;;PCNT
ANP32B;;ST6GALNAC5
CYP3A7;;SPATA5L1
CA13;;ATP8B1
PRDM1;;KLRC4
C3orf43;;SBDS
ATF1;;UBE2E1
C8orf39;;ATP10A
LIN52;;LIN9
UPF2;;ZNF518B
ING5;;LOC390940
RFX7;;MUC19
ZNF706;;FAM47C
LOC641364;;FGB
SLA2;;DNAJB11
MAGI1;;INHBB
ADARB1;;UGCG
SLC25A15;;SGOL2
ZNF711;;HHEX
SFRS12;;FRMD7
DNAJC25-GNG10;;ETNK1
TBC1D26;;SLITRK6
ZCWPW2;;ARHGAP6
CCL16;;SYBU
PPARGC1A;;GRIN3A
KDM4B;;MPHOSPH9
C6orf57;;FGF14
DUSP14;;RAP1A
RPL27A;;TAC1
ADSSL1;;RBM7
NEBL;;OPRM1
PAQR9;;CCT5
CRTAM;;SNX13
EDEM3;;MED14
NKX2-2;;CD1D
DNAJC16;;DPPA3
ZSCAN12;;TXNRD3
GGTA1;;LATS1
PPTC7;;USP8
LMX1A;;GATS
KIAA1430;;CSK
SH3GL3;;PSIP1
NMNAT1;;C5orf28
UQCRQ;;MEF2A
MID2;;PITX2
SOX2;;MRPL18
TRIM61;;CCT6A
EAF1;;LOC340113
DACH1;;NCKAP5
MAGEB18;;MYBL1
LOC100132352;;PRKG1
NEFM;;RP2
TMPRSS11F;;TNFSF11
UBE2D1;;GPM6B
ST14;;OCA2
CGA;;LOC100128554
LOC100270804;;CYR61
AGK;;SART3
TMEM57;;CHD2
C19orf12;;NDNL2
SCAND3;;C9orf6
SYNGR3;;C7orf57
IFT52;;ZCWPW2
ZBTB2;;DUSP14
JUN;;TMPRSS11F
TMEM232;;FAIM
PSMD7;;PTPLAD2
USO1;;ABCC13
C1orf110;;KIAA1012
PYROXD1;;CDC5L
PNPT1;;XRN1
RANBP17;;ZNF470
C8orf42;;LOC84989
MED18;;PURG
AARSD1;;C15orf61
FAIM;;HPCAL4
BAZ1A;;ZNF780B
PRKCB;;TBPL1
SLC35F4;;C1orf105
TNFRSF10D;;SPTA1
CEP192;;FOXD3
WDR27;;FZD5
ENPP5;;XPO5
MLL2;;IL8
SDCCAG8;;PPM1D
ROBO3;;HRSP12
PTPLAD2;;PGBD4
HSP90AB2P;;STELLAR
KHDRBS3;;DUSP27
CYP19A1;;TTC18
TRIM23;;SLC24A4
PURA;;RBMY1F
GBP7;;DAZ2
DLL4;;UBXN2A
CXorf48;;ASB15
C4orf33;;HSPA1B
FAM178A;;RNF19A
EIF2S3;;SP3
TMEM217;;LOC284861
LOC339529;;KIAA1530
CLEC2D;;RBMY1A1
TM6SF1;;OLFM4
PIP4K2A;;DAZ4
STS;;TRIM55
UGT1A1;;SUN1
ABCC13;;TIGD7
KCNK1;;BAG1
ATAD1;;DEGS1
DDIT4;;CNN3
ERMN;;HAUS6
C14orf106;;HMGCR
THSD7B;;UGT2B10
TRAPPC2P1;;ZNF530
MAP4K5;;LOC729444
ABCC5;;DAZ3
EFCAB5;;SOAT2
PABPC1P2;;DCN
C16orf87;;PPARG
FAM71D;;MRPL49
DNAH14;;OPTN
HSFY2;;SLCO3A1
FAM40B;;THRAP3
CNTN6;;GRID1
HERC3;;TSPAN12
ALS2;;STK3
CACNA1D;;GAS8
FLJ44313;;JAK2
GRHL2;;KCNK10
CPNE3;;HEMGN
ANAPC10;;SYNGAP1
CTXN2;;C3orf1
ANKRD17;;KIAA1199
KCMF1;;HSF5
NIPSNAP3A;;RBMY1B
ZNF750;;RFC3
PARVA;;TAF4
NIT1;;RNF11
FAM47A;;HPS3
RAPH1;;MED18
ID4;;MAP4K5
BEND3;;PARVA
FSIP1;;VCP
CENPE;;SPAG1
SEMA3D;;GRPEL1
COL9A3;;MAB21L1
POU4F2;;FGG
C7orf41;;TTC14
ADPRHL1;;RBM34
ZCCHC2;;CCDC112
CCR2;;SYF2
OTUD6B;;LOC147670
C12orf12;;FLJ40330
TM7SF3;;RPL23
SNRPD1;;HCN1
LOC642236;;CEP164
PDS5A;;GLYATL3
C3orf57;;RBM27
STRAP;;PL-5283
RNF213;;LIPJ
C4orf46;;CBLN4
CPD;;TSEN2
COX15;;VIT
VCP;;OGT
AFF4;;TMEM143
KCTD16;;IL12RB2
SMARCD1;;TLR8
LOC440419;;SCMH1
CDC23;;ZMYND11
SLC25A25;;CALM2
GOLGA8A;;ARHGAP17
CPOX;;SYNJ2
CUX2;;MTF1
RNF175;;CIB4
GCLC;;PRPSAP2
MKRN3;;VCAN
GLDC;;C12orf32
PTCD2;;ROCK1
LRRC40;;SLAMF1
KL;;AGAP1
PABPC1L2B;;RBBP6
ZAK;;SLC25A24
GLG1;;TYRO3
LOC220429;;RYK
C7orf31;;B4GALT4
PDXDC1;;POLK
MBD6;;KDM2B
GAPVD1;;FBXL16
TRMT11;;BBC3
DDX26B;;UNKL
PPEF2;;SFRS15
TLX1;;MARCKS
RIC8B;;ACAD11
BANP;;WNK1
HDGFRP3;;SIAH1
IGF2R;;LOC150786
SPAG1;;LRRC37B2
C13orf37;;ZKSCAN2
ANTXR2;;LYVE1
PUS10;;GOSR1
AGPAT6;;CAMK2G
PKHD1L1;;ARHGAP15
P4HA3;;RBM15
P704P;;CPNE2
EDC3;;C7orf28B
C5orf44;;MUDENG
MEGF9;;KIAA1009
GABRB1;;MEF2D
LOC729852;;HSP90AB2P
HINFP;;KCMF1
DNAJC3;;FSIP1
AP1S3;;SDCCAG8
SNAI2;;C7orf31
FLJ36031;;PAX3
CCDC93;;TMEM17
RPS6KA2;;NECAP2
GRPEL1;;TMEM30B
FAM177B;;GPR128
CRP;;C13orf38
CD80;;SNAP23
RPGR;;MTA3
NRIP1;;RLF
ARL15;;JRKL
ABCB1;;LRCH3
FLJ41484;;AKT3
HK2;;FAM122C
ANKRD20A4;;DLC1
PGP;;IL13RA1
CARD14;;MAGEB2
PLEKHM3;;PLK1S1
NF1;;LOC729082
SLC35F1;;NPY
PDE6D;;POLR2C
HOXA11;;IVNS1ABP
TBX22;;USP40
WDR33;;SLC32A1
TRAK1;;ABHD3
MGST2;;RTN4IP1
SCARA3;;UBE2CBP
FAM23A;;C10orf79
KILLIN;;LRRC38
MYPN;;CAST
C8orf76;;ALCAM
STX17;;CALCOCO1
AVEN;;DYT3
C18orf16;;LPAR1
MEX3B;;ZNF326
YOD1;;KLHL1
ZC3H8;;ANG
ERAP1;;HP1BP3
TRHDE;;HNRNPH3
DSG1;;EXOG
TLK1;;CCDC73
IKZF1;;NEK2
RGNEF;;FAM3C
TOR1AIP2;;SH3D19
SUB1;;NBLA00301
MAFB;;ZNF384
MAB21L1;;RNF34
TMCO1;;SLAIN1
GADL1;;AKAP9
CCDC43;;ALKBH4
GRIA3;;SMN2
UCP3;;RAB5B
LOC285359;;CMPK1
ZFP28;;MERTK
MAN1A2;;TMEM202
GAS1;;KIRREL2
SUCLA2;;ZNF37A
LOC100127974;;KTN1
YLPM1;;DMXL1
NPEPPS;;CHCHD7
VKORC1L1;;EGR3
FAM120A;;TDRD6
AASDH;;ZNF804A
SDC2;;REPS1
CNKSR3;;PDE12
MARCKSL1;;PCSK2
SLMAP;;LPAR3
C10orf112;;MID1IP1
ZIC1;;KLF4
CLSTN2;;USP24
H3F3B;;EIF4G3
ERLEC1;;VNN3
RNF157;;FAM76B
GNB4;;PKD1L1
ZNF286B;;KIAA0317
FGG;;PRDXDD1P
FBXL14;;CYTH1
ANKRA2;;IL33
SYCP2;;HADHB
RCSD1;;VEGFC
LHCGR;;SCN4B
ZFY;;MGC11082
ZNF233;;TSPYL2
SPDYA;;SLC35F5
RALGAPA1;;C17orf98
ZNF770;;CCDC92
FUCA2;;PALMD
CAMK2N2;;RFPL3
MAN1B1;;PTPRM
SOX9;;PSMA2
ADO;;ADH1A
SLC4A10;;PPM1L
TM4SF19;;PRDM5
PRUNE2;;NMI
RASGRP3;;SP2
SNORA60;;MICAL2
CLDN8;;CCDC148
CD302;;ZNF747
MACC1;;IFT88
SLC5A12;;RGS21
ZNF333;;C8orf45
GABRA5;;PIWIL3
MNS1;;TUBB3
LOC388692;;SOCS2
FBXL17;;ZNF624
GAN;;VPS29
ESCO2;;GMFB
TMEM17;;CCDC82
HCP5;;PODXL
PRDM13;;BTG3
GLYAT;;GNA14
NUP188;;CDC42
FGFR1;;KBTBD10
C1orf124;;WTAP
NECAP2;;EP300
ZNF491;;WSB1
TTC14;;HELLS
CDC5L;;IL17RB
ABHD6;;MARVELD2
FOXR2;;ATAD5
BRP44L;;WNK3
PQLC3;;ALPK2
SRA1;;CMTM8
BTF3L1;;C11orf61
ZSCAN22;;PDK4
RAB15;;CROT
MRPS18C;;ZRANB3
LOC152742;;PROX1
TRIM2;;MAP2K6
ATG12;;BHMT2
ECT2L;;SNX3
DAPP1;;SEMA4D
SOBP;;POLA1
ELOVL4;;FGF9
DNAJB12;;TMSB4X
PRCD;;CHSY1
ZBTB6;;SLC14A2
CBX2;;EFCAB2
CCL20;;ZC3H14
GTF3C3;;RHCE
LOC283508;;VANGL1
ADAMTS6;;ATP8B2
PART1;;FBXW10
NTS;;SIPA1L2
LOC151162;;SI
SUMO2;;LIX1
MMAB;;PTHLH
AQR;;ARX
TMEM30B;;DERA
NBPF9;;MAGEB3
PPID;;RPP30
XRN1;;EDN2
LOC203274;;CKAP2
SLC23A2;;RECQL
PCDHB10;;UBASH3B
CCDC110;;CLPX
SLC24A3;;NMNAT1
ANO4;;PURA
ZNF597;;ZNF750
ATP6V0A2;;NIT1
GREM2;;CENPE
GRAMD2;;COX15
TP53INP2;;LOC220429
TPTE2P1;;TRHDE
CCDC144A;;DSG1
ZNF470;;GAS1
STAU2;;SYCP2
GALNT3;;HCP5
PRMT2;;NTS
RRAGB;;AQR
RBM34;;CCDC110
AHNAK;;PRMT2
RAG2;;ADH1C
HFE;;HSDL2
ITGA1;;NCKAP1
C6orf174;;DNAJC24
FERMT1;;TAS2R20
DUSP10;;FOXC1
CTRL;;ADSS
FOXJ2;;PDE4DIP
C19orf50;;RAD54B
SSTR2;;JHDM1D
WDR36;;ZNF292
FHDC1;;IRGM
TES;;ZXDB
SPATA4;;SFRS2B
ENC1;;ZNF80
THUMPD2;;RLN1
DEXI;;IFNA8
NPAT;;SAMD8
IL21R;;THBS2
PDGFA;;PMS1
LEP;;Sep-15
RTKN;;PCDHB12
ADH1C;;ZSWIM6
SOX30;;ANKAR
TRPC1;;NAP1L5
CCDC112;;CD300LB
RAI1;;NR1H4
RORB;;FLCN
MTMR12;;DSN1
EEA1;;C3orf67
PIP4K2B;;CSNK1G2
TMEM85;;ADRB2
GPRASP2;;ERBB2IP
DAG1;;WBP5
PHC3;;IP6K2
FAM125B;;CCDC111
SFRS14;;PRIM2
SDAD1;;PLEKHG4
ARID3A;;C1orf55
C14orf181;;HNRNPD
GJA1;;STAMBP
CAPZA1;;NPNT
STK39;;MANSC1
LOC440248;;RAI2
TAF1L;;SRFBP1
GPATCH2;;C16orf52
FAM123B;;PHF17
TMED2;;KIAA1432
STAT4;;TBCA
FLJ43963;;IFIT5
FAM136A;;MOCS2
CACNB4;;CDK14
HSPB2;;C10orf137
LOC84989;;AK3L1
MAP3K2;;HLA-DPB1
OVOL2;;HIBCH
BBS7;;AKTIP
PNKD;;PPP1R2P1
HTR2C;;CC2D2A
HSPA14;;FBXW7
FAF2;;ITM2B
PCM1;;FGF13
CDC73;;ERP44
AP3M2;;RPS6KA4
FZD10;;CRH
CEP70;;ARHGEF2
TMEM47;;CD200R1
IREB2;;NPL
RABL2A;;CBWD3
HSDL2;;C3orf14
GPR128;;ZNF439
FBXO45;;SHANK3
C13orf38;;B3GNT2
C11orf58;;KCNJ6
SIX6;;COL5A2
CPSF2;;GTF2IRD2B
PLA2G4D;;MSR1
CFDP1;;EIF3H
FRAT2;;DENND2C
FAM133A;;MAPKSP1
NCKAP1;;TBCCD1
SDPR;;MREG
NOL12;;ADAM21
SYF2;;CNTN5
ASB3;;C15orf48
GPR126;;LNX1
SNAP23;;DSE
C9orf153;;C15orf21
FAM109A;;SLC17A6
MRPL46;;MCOLN3
ZBTB24;;SKP1
HRASLS2;;CELF2
FAM66D;;PDE6H
GCG;;SGK1
TOMM20;;SPTBN1
DHX36;;FBXL3
TMCO4;;GRPEL2
AP4E1;;LRP11
TRIM44;;DUSP7
SYNE2;;GNAI1
RUNDC2C;;LRRK1
PSMC6;;MBLAC2
EN2;;RCBTB2
ZSWIM2;;USP46
SEC16B;;NUPL1
PURG;;ATF7IP
PAX9;;PCYOX1
LRRIQ1;;LOC203107
WDR67;;SOS2
TLE1;;SET
DDX27;;PTPRC
SLC30A4;;ALDH6A1
VIP;;IRF2
RAB41;;TMEM133
RNF138;;APOBEC3H
ITIH5L;;IL12B
PIGB;;GTF2IRD2
GRIN2A;;APIP
SYN2;;ARMCX3
DPYD;;NIPBL
ACSM2A;;RIBC1
HSF2;;JPH1
H6PD;;NMNAT2
RCOR1;;DHODH
MPZ;;PRCP
WDR26;;APH1B
TMEM107;;IQCH
SETBP1;;CD38
CCNYL1;;TPBG
VENTXP1;;ADCY7
GRB2;;MAP3K7
NUP98;;TMEM185B
FNIP2;;GLT25D2
OSTM1;;ANO3
ZCCHC14;;BUB1
HECW1;;C20orf103
CPSF3L;;HUWE1
FLJ43315;;TCHP
UFM1;;MYCBP2
GPR19;;CXorf58
FAM46C;;RASA3
ARRDC4;;ATXN2
SRGAP2;;KIAA1324L
CCNL1;;UBE2W
KLHL17;;EPHB1
MTA3;;GMEB1
ZNF292;;ATP5G3
PSMD9;;SMEK1
COL25A1;;FGF18
DPY19L4;;UBE2L3
ARL5B;;WDR3
C3orf23;;CD44
NAMPT;;TRIL
C15orf61;;MRPS36
NLGN1;;SLC25A12
TFDP1;;CNTNAP1
STX2;;KLHDC2
ZNF451;;TEX10
TPRG1L;;PKN2
RASL12;;KRTAP20-3
RNASE13;;CYP3A7
HELZ;;CRTAM
BIRC6;;LMX1A
TTC30A;;TMEM57
C10orf25;;IFT52
SBK1;;ROBO3
RGS11;;TMEM217
ADRA2A;;DNAH14
C1orf112;;CNTN6
PELI1;;CCR2
SSH2;;HINFP
TMEM196;;HK2
PTMA;;AASDH
RLF;;GLYAT
PIK3R2;;NUP188
LOC100129940;;C1orf124
TMTC3;;ELOVL4
KIAA0776;;MMAB
ZFP161;;GREM2
CRYL1;;FERMT1
RTN4R;;SPATA4
ATXN8OS;;SOX30
KLHL29;;TAF1L
NCOA7;;HTR2C
ZBTB44;;SETBP1
VENTXP7;;CCNL1
LOC147670;;MAPKAP1
ADAMTS19;;PTH
PIP5K1B;;NSUN7
C13orf23;;NHSL1
CENPQ;;LHX9
FAM168B;;AMMECR1L
TMEM14B;;LOC285456
CNGB3;;C20orf11
SH3RF1;;FAM135B
ARHGAP10;;NSMCE2
VTA1;;C2orf72
NOTCH2;;PLA2R1
USP53;;SNF8
LOC286059;;GRIA4
ZNF197;;RPS6KA5
TBX5;;FMO9P
MAP6;;PTF1A
AFG3L1;;PHF2
GLT1D1;;RAB31
HPCAL4;;LMTK2
ATP6V1H;;ADAM17
GRM6;;HKR1
ADAM18;;TMEM132C
DNAJC24;;BCHE
MAST2;;UBAP1
FLJ40330;;UBE2K
KCTD5;;RNF38
ZNF780B;;C9orf68
ATAD2B;;C8orf85
MYCN;;SLCO1A2
HNRNPA1;;VARS2
BAZ1B;;SNRK
PMS2L5;;AKAP1
MAP3K5;;KHDRBS1
INTS6;;ATP1A1
SLC46A2;;CAP2
SENP5;;TMC5
C10orf4;;TCHH
TSHZ1;;POLR3G
KDM3A;;SPATA2
JRKL;;COX7B2
ATP2B2;;TLE4
RAB38;;ZBTB49
ZNF551;;MYOM2
HIAT1;;WAC
TMED10P1;;CBX1
CECR6;;CDH6
CHD9;;YAP1
SPDYE8P;;MAEL
PLAGL2;;IFT57
LRCH3;;SFRS11
CKAP4;;SYT4
PTH;;MYCL1
MGC31957;;ZNF334
RGAG1;;DNAH7
NAA25;;REG1B
FBXO39;;ZNF549
FAM35B2;;HULC
SERPINF2;;TMEM215
RBAK;;HOMER1
SMEK3P;;C9orf103
NSUN7;;FREM2
TAS2R20;;KCNB2
C4orf3;;NDUFAB1
PPM1E;;SLCO1B1
LHX8;;SSB
GLRB;;MAL2
BRWD1;;ZIC5
VAT1L;;NAAA
FMR1NB;;IMPAD1
RAB39;;ERC2
TMEM18;;CNDP2
KIAA1804;;ESAM
SNORA11B;;PFDN4
CHD7;;SLIT3
PNP;;RPS13
HMG20A;;ATG10
NHSL1;;LOC641364
DDX52;;SFRS12
FKBP3;;ST14
BZW2;;ZBTB2
TMEM26;;CXorf48
C2orf80;;FAM40B
HNRNPA3P1;;ZMYM2
CHST2;;GLG1
LOC401093;;TRMT11
C10orf72;;ANTXR2
CLRN1;;LOC151162
LHFPL3;;TPTE2P1
BRI3;;GPRASP2
SEPHS1;;SRGAP2
CHCHD5;;ATXN8OS
MAN1A1;;SPDYE8P
LRRC8C;;LPGAT1
CABYR;;DCBLD2
LOC285033;;WDFY1
AG2;;RIF1
TMTC2;;TMEM123
FAM122A;;PRICKLE2
MAST3;;PLEKHA5
NUS1;;LOC285074
ARF4;;UTP6
ADRA1D;;USP38
MAP1LC3B;;TTC19
LRRC16A;;CABP7
TIMM17A;;ZNF81
C6orf72;;MITF
FAM102A;;IRF6
GALNTL1;;FAM111A
FLJ21408;;ADIPOR2
RGS1;;FBLN2
CHST1;;CYP39A1
EFHA2;;GNG4
QSOX2;;PPME1
GULP1;;FBXO31
NEURL1B;;KCNT2
NEUROD1;;PCSK1
LPGAT1;;C1orf103
FCN1;;MDS2
HIVEP1;;ZDHHC15
ATP6V1B2;;WDR52
ZFC3H1;;COX7B
MXRA5;;ZNF84
PPM1K;;AP1S2
KIAA0196;;TIPIN
PTPLAD1;;SLC9A2
AKT3;;MTPAP
RPL23;;CENPK
MTERFD1;;SFRS12IP1
SBF2;;THSD4
HAO1;;RASSF8
PPP2R5C;;CD6
MATN3;;NKRF
KIAA1826;;PDIA5
SAFB2;;OPN5
SLC15A2;;PRKG2
FAM122C;;SLITRK4
WDR7;;TFB2M
SLC7A5;;DR1
SLC25A30;;KCTD12
ASXL1;;CNTNAP3B
ENPP4;;CNTNAP3
FAM82A1;;BPNT1
TBPL1;;DZIP3
FUCA1;;DNAJC7
LHX9;;POLR2A
POM121L8P;;ANKRD57
GALNT12;;VPS13B
WWP1;;CFHR5
LOC730811;;IQGAP2
ARHGAP29;;MIR34A
RBM44;;C16orf62
TNFAIP2;;AKNAD1
MEX3C;;NEGR1
ZBTB7A;;ELAVL2
STARD9;;PHF14
FCRL4;;CCDC85A
LRP6;;SLA2
C1orf105;;EIF2S3
NAP1L3;;SLC25A25
LRP1;;RNF175
NOVA1;;PTCD2
B3GALNT2;;SRA1
SPTA1;;MRPS18C
HIST2H2BF;;LOC152742
ACAP2;;GTF3C3
FOXG1;;FHDC1
DCBLD2;;MTMR12
TPRX1;;RABL2A
TKTL2;;ZBTB24
UNC5D;;VIP
FUT4;;TMEM18
EPM2AIP1;;SLC15A2
FDX1;;TTC12
SNIP1;;ITPR3
DLC1;;PRR18
ZC3H13;;FLG
STX7;;PHLPP1
TRIB3;;FGF11
FHL5;;EDA
CBX3;;ZC3H12C
C2orf86;;KPNA1
FOXC1;;NFE2L2
PRPF18;;GSTM4
GOLT1A;;PANK1
FAM174A;;DLG1
SERPINE1;;ACTR6
AVL9;;IKZF2
KIAA1244;;EYA1
WDR43;;CTCFL
FLJ16124;;SGIP1
LYRM7;;ATL2
LACTB;;NSF
ZNF518A;;PAM
IL13RA1;;SAMD5
MOCS3;;DLX2
TM4SF4;;PRKCH
XGPY2;;SNX9
ADAM12;;AMN1
ZSWIM4;;DYRK1A
C2CD2;;HTATSF1
TOPBP1;;LOC613266
ZNF831;;PCOLCE2
ZC3H15;;PSMG4
C14orf126;;SLC23A3
MAGEB2;;SLCO1B3
ANKRD13D;;RALYL
RBM42;;EIF2AK4
PLB1;;MTMR2
HCN1;;COG6
DDX46;;METT11D1
ADSS;;TMEM108
PDE4DIP;;C1orf163
FRMPD1;;KIAA0564
HMGB2;;RNF144A
PGAM1;;GIN1
CUL5;;TSPAN6
KU-MEL-3;;LOC126536
SCN1A;;SEC24C
MAP2K1;;TET3
SLC25A42;;STRN3
CEP164;;UGDH
PCDH10;;SLC18A2
EPHA3;;ZMYM1
AMMECR1L;;VPS37A
BCL9;;SLC37A1
ZNF608;;BPIL2
WDR19;;C17orf104
FAM188A;;TIGIT
RAD54B;;RPS7
SLC22A10;;SECISBP2L
C17orf97;;ZBTB43
CR1;;SLC11A2
ARHGAP36;;RBM8A
TAF2;;IL9
FOXD3;;SMAD5
DEFB132;;SHISA9
FAM126A;;C14orf118
CTF1;;UMODL1
MAST4;;SLC6A14
OSGEPL1;;FIGNL1
UQCRB;;OR2C3
KIF5B;;EFCAB6
HEY1;;TCF4
RHOB;;PIAS1
JHDM1D;;GAGE1
LOC285456;;psiTPTE22
ZFHX3;;EDNRB
GPR111;;PDGFRA
FAM43A;;PPCS
ACP6;;SMG1
PGCP;;KPNA4
CPT1A;;HEXA
C20orf11;;YWHAH
RAG1;;RND3
IRGM;;GATA6
SOCS3;;NDUFS3
WDFY1;;RYBP
RNF149;;PRMT1
RBMXL2;;TCP11L2
TALDO1;;SCAND3
FLJ41278;;CEP192
MGA;;MLL2
ADAMTS5;;LOC339529
SPCS3;;ZC3H8
GATA5;;LOC203274
PIRT;;SLC24A3
NANP;;MAP3K2
RNF139;;ZSWIM2
POLR1D;;PIGB
IFT27;;GRB2
FAM135B;;RGAG1
BCL2L12;;RAB39
WDR89;;PPM1K
GALNT7;;EPM2AIP1
RPIA;;ZSWIM4
TUBGCP3;;BCL2L12
UBE4A;;SENP3
SENP3;;COL17A1
COQ10B;;NAA15
RMND1;;C22orf39
DPY19L2;;MRPL50
PSAT1;;RAB6A
RSAD2;;SLC15A1
RFX6;;CHN1
ZXDB;;VSIG2
A2ML1;;HNRNPK
PDLIM3;;TCF7L2
SAP30;;NTNG1
MFSD11;;NTM
LAMC3;;C1orf131
COL17A1;;ATG4A
HDAC4;;TCP11L1
LOC100133207;;PTCH1
ATG2B;;RNF111
C8orf38;;SPARCL1
BOD1L;;ZNF682
CCDC28B;;CLUL1
SFRS2B;;LOC221442
NIPAL3;;EPHA4
PCNT;;TRIP12
DLGAP2;;NCOA1
C2orf55;;LDB3
POM121C;;ARF3
MOBKL2B;;PSME4
PLK1S1;;BDNF
RIF1;;LOC284551
ST6GALNAC5;;LRP1B
UGT1A10;;WDR41
RPL36A;;DNAH5
MTHFD1L;;CAPS2
TCHHL1;;SPIN1
LIN28B;;Sep-02
LOC729082;;EPB41L3
RPL37;;SH3KBP1
NSMCE2;;KIAA0430
MAMDC2;;INPP4B
ADAM7;;KLF11
GORAB;;PEX13
SPATA5L1;;EYA2
LOC100216479;;IQCK
ITK;;TMEM117
TTC6;;CERKL
ZNF80;;YBX1
CWC15;;ELMO1
GIPC2;;ACTN1
AKAP10;;CTBP2
ABCA17P;;TNKS2
UBXN1;;GLUD1
TMEM123;;TIGD6
C2orf72;;FXR1
RGPD3;;RGS10
CTHRC1;;LOC90925
C3orf15;;MARK3
RWDD4A;;TJP1
LOC654433;;VIM
CHPT1;;SULT1E1
SEH1L;;PIKFYVE
CEP350;;E4F1
ATP8B1;;KIF20B
FZD5;;BCL6
HTT;;PPP2R2B
PRICKLE2;;PDGFRB
NUCKS1;;ETV5
RLN1;;SYT14
LOC285812;;BAG4
TTC17;;RPP21
PLA2R1;;ASXL2
RG9MTD1;;CTSK
ZNF680;;ZNF638
GALR1;;MED20
LOC285026;;CDK8
OAS2;;C8orf59
KLRC4;;SEC24D
KCTD7;;NPM1
IFNA8;;P4HA1
NAA15;;TMEFF2
VAMP3;;MACF1
COL1A2;;FPR3
AKAP6;;NUP62CL
LRRC28;;ANGPTL3
MMP13;;GPR98
HNRNPA0;;EGLN2
TTC12;;UCHL5
ZNF552;;NRBF2
SAMD8;;PIK3C2G
LOC150568;;WNT16
THBS2;;AGTR1
RAB12;;GBP3
C10orf76;;MBNL1
C10orf96;;DMTF1
PMS1;;SYNPR
XPO5;;SEC61A2
CTTNBP2NL;;AURKB
EEF1DP3;;YWHAE
FLJ10661;;HOMEZ
PTGIS;;ZMIZ1
ADAMTS3;;MYST3
TMEM128;;GRAMD3
METTL3;;KLRG1
SETD1B;;MCF2
GPC3;;NPFFR2
RALGPS1;;MSTN
ALX1;;PRR20A
GLYATL3;;KRTAP5-2
SBDS;;LRRC31
DCP1A;;SURF4
LOC100302652;;C19orf2
ZNF330;;HCG22
CYYR1;;CHEK1
UBE2E1;;FAM96A
ITPR3;;NAA16
COL12A1;;ZNF826
SNF8;;PDZRN4
ZIC2;;RICH2
KIAA1632;;TXNDC15
TGDS;;STAM
DKFZP434L187;;METTL5
ATP10A;;ZBTB10
ACTC1;;C21orf49
PEX12;;LYRM4
SPG11;;SCHIP1
CHRM3;;SEL1L3
NPY;;ASPH
CDHR1;;TCF20
GRIA4;;FCRLB
CLEC4D;;YWHAQ
PHF20;;SHMT1
POLR2C;;SLC45A2
SCML2;;RPS6KC1
ABCB5;;YTHDF2
NEUROG1;;CTSL1
CSNK1G1;;BUB3
RFTN2;;SPRY2
MPP5;;HAT1
SFXN1;;NR6A1
PM20D2;;JMJD1C
LIN9;;NOL8
DYNLT3;;IFT74
TRIAP1;;AGBL1
IL17A;;ZNF385B
PRRT2;;IRF2BP2
LOC285074;;APC
IL8;;TMEM14C
VENTX;;SMAP2
ZNF518B;;FBXO8
ZBTB1;;MRPL42
SPTLC1;;LONRF1
SUPT4H1;;KDELR3
PRKACB;;TMEM67
CALCB;;REXO2
C17orf42;;C12orf56
IER2;;OSR2
RAP1BL;;GON4L
RANBP9;;RSRC1
C22orf39;;AMOT
SELS;;FGF23
GFPT2;;GRK5
LOC121952;;SCAPER
RBM27;;GTPBP10
LRFN2;;VPS4B
PL-5283;;RPAP3
CAND1;;ATAD2
TMEM50B;;CEPT1
NIN;;DPYS
UBE2V2;;E2F7
Sep-15;;MMP14
C12orf10;;PDCD10
SNX2;;PDLIM4
FAM71F1;;RSPH3
PCDHB12;;IQSEC1
RPS6KA5;;BPTF
BTBD11;;HRASLS5
ZSWIM6;;PCDH11Y
JOSD1;;MAP3K1
RIC3;;UBR7
ARPC5;;GTF2IRD1
SHISA3;;SAFB
LOC390940;;TMEM100
CEP120;;COG3
FOXP2;;SSTR1
SLC16A14;;SSBP2
FAM165B;;ATM
CHKA;;PPAT
FAM109B;;COL29A1
SIX1;;PLCH1
UTP6;;FSTL5
ATXN7L1;;PATZ1
RNF185;;CCDC36
CREB1;;PAIP1
ACAT1;;KBTBD8
LRP12;;WDR78
C6orf35;;C1orf27
PTS;;TMEM126B
CHMP5;;ATL1
PPM1D;;KRT222
TRMT5;;MORC1
CHMP4B;;PXT1
MRPL50;;TMEM69
UGT8;;EXOSC3
ANKAR;;PKIB
ACTR3C;;KAL1
NDUFC2;;UEVLD
C21orf128;;TRPM6
CALCA;;NT5DC1
FLJ34503;;COG2
BPESC1;;ZNF214
PDCL;;BIVM
BCKDHB;;CISD1
GCM2;;RHOBTB1
NDUFA12;;ZNF688
ZSCAN12P1;;GOT1
HRSP12;;C3orf33
CAPN7;;FXC1
PRR18;;C6orf118
CENPW;;CDKAL1
PELO;;DENND5B
FMO9P;;TRIP4
SFPQ;;TPH1
LOC286184;;DGUOK
ALG10;;LOC728196
KHDRBS2;;RPAIN
DSCC1;;LOC729307
NAP1L5;;VCL
SYCP1;;TIMP2
C8orf74;;SLC30A1
ABCA11P;;SYT17
ABHD4;;DYNC1I1
KBTBD6;;PIGZ
CHAC2;;CENPA
USP38;;ANKRD5
ELAC1;;MAPRE1
RAB6A;;SEC61G
MUC19;;RIMS2
IVNS1ABP;;MYLK
PGBD4;;PRKCI
PCGF3;;ATG3
C9orf40;;LOC219688
ZNF100;;KRTAP26-1
CD300LB;;CLDN22
SLC9A4;;HSPD1
KRTAP1-5;;FSHB
ECM2;;RNF160
CAMK2N1;;TPO
SAMHD1;;APBB1IP
GBE1;;AZI2
STELLAR;;KCTD1
C1orf174;;GYS2
FAM47C;;MAML3
FGB;;RSPO2
NR1H4;;RHPN2
TTC28;;C1orf14
SEC62;;CYorf15A
RPRD2;;GPR88
MBP;;ZPLD1
TTC19;;CCDC152
PTF1A;;USP15
AGAP9;;PI4K2B
ADAMTS20;;C1orf227
FLJ26245;;IFNA10
SUDS3;;SEMA4B
ARV1;;GLRA3
DNAJB11;;HTRA3
LOC729558;;C1orf9
PRKD3;;CASS4
FLG;;GKN2
GSG2;;FEZF1
C11orf93;;TMEM14E
FAM48A;;IL27
TM4SF1;;C3orf43
IL1F5;;UPF2
C22orf32;;TBC1D26
GOLGA1;;GGTA1
TANC1;;AGK
FAM85A;;JUN
FAM72A;;AARSD1
ARIH1;;BAZ1A
MAGEH1;;SLC35F4
HEPHL1;;KHDRBS3
USP40;;ATAD1
ZBTB11;;THSD7B
FLJ22763;;EFCAB5
TWISTNB;;FLJ44313
FAM18B2;;ID4
C5orf43;;TM7SF3
SPTLC3;;CPOX
LOC100134015;;MBD6
PHF2;;HDGFRP3
LOC100329135;;LOC729852
BAI3;;FAM177B
CABP7;;MAFB
CDC37L1;;SUCLA2
SCAND2;;FAM120A
CLCA2;;CNKSR3
ABCC6P1;;SLC4A10
LOC348120;;TM4SF19
KRT12;;CLDN8
INHBB;;SLC5A12
COL15A1;;ZNF333
ANKRD20A2;;BRP44L
GIGYF1;;PCDHB10
RAB31;;ZNF597
LMTK2;;DUSP10
C1orf125;;RTKN
ZNF71;;FAM125B
PAPOLB;;HSPB2
SORBS1;;OVOL2
SLC33A1;;HSPA14
C3orf34;;FAF2
FAU;;CEP70
CDK15;;FRAT2
ADAM17;;WDR67
UGCG;;DDX27
LIPJ;;HSF2
SGOL2;;C3orf23
SNORD108;;PELI1
MGAT2;;CRYL1
FLCN;;ADAMTS19
TECRL;;TMEM14B
KIF13B;;TSHZ1
RMND5A;;CKAP4
CHORDC1;;PNP
ZNF322A;;BRI3
DUSP27;;TMTC2
HHEX;;FAM122A
CBLN4;;C6orf72
BRIX1;;KIAA0196
OBSCN;;SBF2
HTR1F;;PPP2R5C
LOC400027;;SAFB2
CHSY3;;FAM82A1
WNT9B;;MEX3C
CD151;;TKTL2
TMEM99;;HEY1
ZNF81;;MGA
SNORA11;;TUBGCP3
YEATS4;;A2ML1
MND1;;PDLIM3
TTC23L;;C8orf38
C8orf80;;LOC100216479
PBOV1;;TTC6
HKR1;;UBXN1
SLC32A1;;CHPT1
TMEM132C;;RAB12
UBAC1;;ALX1
ABHD3;;ZNF330
ZNF449;;ZIC2
MAP7D3;;NEUROG1
HEATR4;;SPTLC1
LRRC19;;RANBP9
BCL10;;NIN
PHLPP1;;CHMP5
TSPAN2;;C21orf128
NLN;;BPESC1
ZBED4;;BCKDHB
C5orf36;;GCM2
GNPTAB;;SFPQ
SNX1;;DSCC1
SLC15A1;;CHAC2
C3orf65;;ELAC1
LOC100128908;;C9orf40
RTN4IP1;;ECM2
C11orf92;;LOC729558
C22orf28;;C11orf93
RHOU;;KRT12
HOXD8;;SLC33A1
MPHOSPH6;;KIF13B
BCHE;;TTC23L
EIF4A2;;TSPAN2
IER5L;;RHOU
TIFA;;